Date,Real Price,Predicted Price
2024-03-26 04:00:00,92.53910064697266,75.54522834275257
2024-03-27 04:00:00,90.22864532470703,75.39971674404238
2024-03-28 04:00:00,90.33462524414062,75.19460082775484
2024-04-01 04:00:00,90.34162139892578,74.88201177473417
2024-04-02 04:00:00,89.43083953857422,74.82127896133053
2024-04-03 04:00:00,88.94295501708984,74.44131913656686
2024-04-04 04:00:00,85.88467407226562,74.03444704631869
2024-04-05 04:00:00,87.9871826171875,73.47142631875445
2024-04-08 04:00:00,87.11238861083984,72.99560442077822
2024-04-09 04:00:00,85.33380126953125,72.49174176149121
2024-04-10 04:00:00,87.0184097290039,71.91988615595622
2024-04-11 04:00:00,90.59455871582031,71.27826977040736
2024-04-12 04:00:00,88.16514587402344,70.7240624665206
2024-04-15 04:00:00,85.98065185546875,70.00625330383396
2024-04-16 04:00:00,87.39432525634766,69.20658743058485
2024-04-17 04:00:00,84.01512145996094,68.3727191229963
2024-04-18 04:00:00,84.65096282958984,67.7030877212886
2024-04-19 04:00:00,76.18197631835938,66.93886004967158
2024-04-22 04:00:00,79.49919128417969,66.15978171624941
2024-04-23 04:00:00,82.40350341796875,65.49072099874283
2024-04-24 04:00:00,79.65814971923828,65.087539046938
2024-04-25 04:00:00,82.61245727539062,64.30413552799155
2024-04-26 04:00:00,87.71424865722656,64.24063940161406
2024-04-29 04:00:00,87.73624420166016,63.59330759233668
2024-04-30 04:00:00,86.38156127929688,63.814535682873945
2024-05-01 04:00:00,83.02135467529297,63.25311115472939
2024-05-02 04:00:00,85.79669952392578,63.20483041314272
2024-05-03 04:00:00,88.76799774169922,62.70250388125422
2024-05-06 04:00:00,92.11820220947266,62.622144680362375
2024-05-07 04:00:00,90.53257751464844,62.33204401755284
2024-05-08 04:00:00,90.390625,62.48498738345358
2024-05-09 04:00:00,88.72601318359375,62.36688149897322
2024-05-10 04:00:00,89.85673522949219,62.68125125833574
2024-05-13 04:00:00,90.37762451171875,62.85786300057776
2024-05-14 04:00:00,91.33438873291016,63.13495377994517
2024-05-15 04:00:00,94.60760498046875,63.41130224076526
2024-05-16 04:00:00,94.33667755126953,64.22179824125972
2024-05-17 04:00:00,92.45711517333984,64.63184556691263
2024-05-20 04:00:00,94.75758361816406,65.21190958505474
2024-05-21 04:00:00,95.36344146728516,65.63736538413795
2024-05-22 04:00:00,94.92754364013672,66.54232034706477
2024-05-23 04:00:00,103.77445220947266,67.4956289961754
2024-05-24 04:00:00,106.4438247680664,68.769048573529
2024-05-28 04:00:00,113.87405395507812,70.03731912049655
2024-05-29 04:00:00,114.79783630371094,71.70669055282121
2024-05-30 04:00:00,110.4738540649414,73.45992252670025
2024-05-31 04:00:00,109.60707092285156,75.094164699216
2024-06-03 04:00:00,114.97279357910156,76.52756465066463
2024-06-04 04:00:00,116.40945434570312,78.21654101618424
2024-06-05 04:00:00,122.41104125976562,79.54067425198193
2024-06-06 04:00:00,120.96937561035156,81.23651599134962
2024-06-07 04:00:00,120.85940551757812,82.7915832399623
2024-06-10 04:00:00,121.76119232177734,84.50324966604984
2024-06-11 04:00:00,120.8913345336914,85.9736411099637
2024-06-12 04:00:00,125.18065643310547,87.40783487026351
2024-06-13 04:00:00,129.58999633789062,89.05963523639574
2024-06-14 04:00:00,131.85963439941406,90.63227784205952
2024-06-17 04:00:00,130.95977783203125,92.1599093404318
2024-06-18 04:00:00,135.55906677246094,93.52772351733793
2024-06-20 04:00:00,130.75979614257812,94.87023020989656
2024-06-21 04:00:00,126.55045318603516,96.43607609545074
2024-06-24 04:00:00,118.09175872802734,97.54190760631391
2024-06-25 04:00:00,126.07052612304688,97.84961366218513
2024-06-26 04:00:00,126.38047790527344,98.17638829391942
2024-06-27 04:00:00,123.9708480834961,98.03282474503862
2024-06-28 04:00:00,123.52091979980469,97.90435643690631
2024-07-01 04:00:00,124.28080749511719,97.65359865710496
2024-07-02 04:00:00,122.65105438232422,97.38555729864106
2024-07-03 04:00:00,128.26019287109375,96.95254100660765
2024-07-05 04:00:00,125.8105697631836,96.55549069182089
2024-07-08 04:00:00,128.18019104003906,95.99762757636003
2024-07-09 04:00:00,131.35972595214844,95.34930457873332
2024-07-10 04:00:00,134.88917541503906,94.7496999902761
2024-07-11 04:00:00,127.38032531738281,94.30698635768226
2024-07-12 04:00:00,129.2200469970703,93.78345869317914
2024-07-15 04:00:00,128.420166015625,93.48393959562176
2024-07-16 04:00:00,126.34048461914062,93.04538809592333
2024-07-17 04:00:00,117.97177124023438,92.92677159926302
2024-07-18 04:00:00,121.07129669189453,92.00592758673653
2024-07-19 04:00:00,117.91178894042969,91.32347509936753
2024-07-22 04:00:00,123.52091979980469,90.08673807265598
2024-07-23 04:00:00,122.5710678100586,89.17783122890785
2024-07-24 04:00:00,114.23235321044922,88.25556265130788
2024-07-25 04:00:00,112.26265716552734,87.19735967151581
2024-07-26 04:00:00,113.04254150390625,85.99221194622277
2024-07-29 04:00:00,111.57276153564453,84.628448339887
2024-07-30 04:00:00,103.71398162841797,83.56228152643115
2024-07-31 04:00:00,117.00192260742188,82.26270916557499
2024-08-01 04:00:00,109.1931381225586,81.31454096513312
2024-08-02 04:00:00,107.25342559814453,80.40389203277104
2024-08-05 04:00:00,100.43448638916016,79.54045112733186
2024-08-06 04:00:00,104.23389434814453,78.55616247873175
2024-08-07 04:00:00,98.89472961425781,77.6601367926661
2024-08-08 04:00:00,104.95378875732422,76.76080285457739
2024-08-09 04:00:00,104.73382568359375,75.7611615137095
2024-08-12 04:00:00,109.00315856933594,74.91904617578594
2024-08-13 04:00:00,116.12206268310547,73.86949356704245
2024-08-14 04:00:00,118.061767578125,73.32941176984814
2024-08-15 04:00:00,122.84102630615234,72.83175798303499
2024-08-16 04:00:00,124.56076049804688,72.61545579823373
2024-08-19 04:00:00,129.97991943359375,72.48954055100117
2024-08-20 04:00:00,127.23035430908203,72.67385009367035
2024-08-21 04:00:00,128.48016357421875,72.83912538734572
2024-08-22 04:00:00,123.72088623046875,73.16605448999158
2024-08-23 04:00:00,129.3500213623047,73.58368805374663
2024-08-26 04:00:00,126.44046783447266,74.16337447632709
2024-08-27 04:00:00,128.2801971435547,74.80462613889027
2024-08-28 04:00:00,125.59060668945312,75.52222504950282
2024-08-29 04:00:00,117.57183837890625,76.29618867940816
2024-08-30 04:00:00,119.35157012939453,76.70464409650005
2024-09-03 04:00:00,107.98332214355469,77.1622684629202
2024-09-04 04:00:00,106.19359588623047,77.12705767679682
2024-09-05 04:00:00,107.19344329833984,76.95005117555854
2024-09-06 04:00:00,102.81411743164062,76.57692239777371
2024-09-09 04:00:00,106.45355224609375,76.21294173064146
2024-09-10 04:00:00,108.08330535888672,75.73888337557246
2024-09-11 04:00:00,116.8919448852539,75.36570310748377
2024-09-12 04:00:00,119.13179016113281,75.20022185259296
2024-09-13 04:00:00,119.09178924560547,75.40517471625161
2024-09-16 04:00:00,116.7719497680664,75.46667130249584
2024-09-17 04:00:00,115.58203125,75.53421370858504
2024-09-18 04:00:00,113.36219024658203,75.620691673919
2024-09-19 04:00:00,117.86187744140625,75.45817540235883
2024-09-20 04:00:00,115.99200439453125,75.6480716429969
2024-09-23 04:00:00,116.25199127197266,75.63637905316187
2024-09-24 04:00:00,120.8616714477539,75.93416035296396
2024-09-25 04:00:00,123.50149536132812,76.36688486660883
2024-09-26 04:00:00,124.03145599365234,76.94119484329451
2024-09-27 04:00:00,121.39163970947266,77.59430643918026
2024-09-30 04:00:00,121.43163299560547,78.11797141116034
2024-10-01 04:00:00,116.99193572998047,78.46759915609144
2024-10-02 04:00:00,118.84181213378906,78.4007475782457
2024-10-03 04:00:00,122.84153747558594,78.15085655189267
2024-10-04 04:00:00,124.91139221191406,78.0318452962361
2024-10-07 04:00:00,127.7112045288086,78.07951673589375
2024-10-08 04:00:00,132.88084411621094,78.55144253421119
2024-10-09 04:00:00,132.64085388183594,79.46931727254838
2024-10-10 04:00:00,134.8007049560547,80.46890712311242
2024-10-11 04:00:00,134.79071044921875,81.62537076610522
2024-10-14 04:00:00,138.0605010986328,82.9978019069242
2024-10-15 04:00:00,131.5909423828125,84.23805743773289
2024-10-16 04:00:00,135.7106475830078,85.24013598631686
2024-10-17 04:00:00,136.92056274414062,86.17695915647477
2024-10-18 04:00:00,137.99049377441406,87.12245844283319
2024-10-21 04:00:00,143.70010375976562,88.10672992799869
2024-10-22 04:00:00,143.58010864257812,89.52023316786384
2024-10-23 04:00:00,139.55038452148438,91.15999338460998
2024-10-24 04:00:00,140.40032958984375,92.29610977586051
2024-10-25 04:00:00,141.53024291992188,93.54896326768045
2024-10-28 04:00:00,140.51031494140625,94.33122970908332
2024-10-29 04:00:00,141.24026489257812,95.07334229519219
2024-10-30 04:00:00,139.3303985595703,95.61941413106896
2024-10-31 04:00:00,132.7508544921875,96.03565316576112
2024-11-01 04:00:00,135.3906707763672,96.05141778045979
2024-11-04 05:00:00,136.04063415527344,95.89827703506091
2024-11-05 05:00:00,139.90036010742188,95.80136370147787
2024-11-06 05:00:00,145.59996032714844,95.87401652022524
2024-11-07 05:00:00,148.8697509765625,96.15672403357212
2024-11-08 05:00:00,147.6198272705078,96.65980146572525
2024-11-11 05:00:00,145.24998474121094,96.80769878184765
2024-11-12 05:00:00,148.27976989746094,96.96154322806595
2024-11-13 05:00:00,146.25991821289062,97.15433150743752
2024-11-14 05:00:00,146.7498779296875,97.4231194753074
2024-11-15 05:00:00,141.97021484375,97.5446108472666
2024-11-18 05:00:00,140.1403350830078,97.48504514741714
2024-11-19 05:00:00,146.99986267089844,97.12822592338017
2024-11-20 05:00:00,145.87994384765625,96.93825244728632
2024-11-21 05:00:00,146.65989685058594,97.1252823943428
2024-11-22 05:00:00,141.94021606445312,97.3650469942699
2024-11-25 05:00:00,136.01063537597656,97.26708669117502
2024-11-26 05:00:00,136.9105682373047,96.91756192685165
2024-11-27 05:00:00,135.33067321777344,95.97932277333757
2024-11-29 05:00:00,138.240478515625,94.88984801566747
2024-12-02 05:00:00,138.62045288085938,93.65280204713275
2024-12-03 05:00:00,140.25033569335938,92.78476992293267
2024-12-04 05:00:00,145.1300048828125,91.83606107430026
2024-12-05 05:00:00,145.05999755859375,91.33572979168636
2024-12-06 05:00:00,142.44000244140625,91.12988013856881
2024-12-09 05:00:00,138.80999755859375,90.92264024724702
2024-12-10 05:00:00,135.07000732421875,90.75764815024289
2024-12-11 05:00:00,139.30999755859375,90.17010945632367
2024-12-12 05:00:00,137.33999633789062,89.64078055091892
2024-12-13 05:00:00,134.25,89.10183154040953
2024-12-16 05:00:00,132.0,88.50608014302455
2024-12-17 05:00:00,130.38999938964844,88.04744742482046
2024-12-18 05:00:00,128.91000366210938,87.37567059378523
2024-12-19 05:00:00,130.67999267578125,86.83083452520111
2024-12-20 05:00:00,134.6999969482422,86.02668470465747
