Date,Close,Volume,Vix Price,Pct Change
2021-09-08,19.886598587036133,43798400,17.959999084472656,-1.2828498786712106
2021-09-09,19.928279876708984,50529600,18.799999237060547,0.2095948660623348
2021-09-10,19.91994857788086,37513000,20.950000762939453,-0.041806412192468834
2021-09-13,20.490989685058594,68499600,19.3700008392334,2.866679624925439
2021-09-14,20.19504165649414,58935800,19.459999084472656,-1.4442837223243021
2021-09-15,20.949495315551758,76695000,18.18000030517578,3.73583611210333
2021-09-16,20.71190643310547,60643800,18.690000534057617,-1.134103131686981
2021-09-17,20.55768585205078,64459000,20.809999465942383,-0.7445986759006651
2021-09-20,19.929922103881836,85660000,25.709999084472656,-3.0536693316885244
2021-09-21,19.976318359375,51323400,24.360000610351562,0.23279697357234674
2021-09-22,20.5922794342041,79252200,20.8700008392334,3.0834564395096686
2021-09-23,21.313701629638672,49734200,18.6299991607666,3.503362499230067
2021-09-24,21.474018096923828,55503000,17.75,0.7521756195658647
2021-09-27,22.237634658813477,81697400,18.760000228881836,3.556002227636368
2021-09-28,22.31357192993164,132975200,23.25,0.34148088267142995
2021-09-29,22.31357192993164,69894400,22.559999465942383,0.0
2021-09-30,21.976064682006836,89198800,23.139999389648438,-1.5125648595600616
2021-10-01,22.714366912841797,83312000,21.100000381469727,3.3595743438062264
2021-10-04,23.08562469482422,114815800,22.959999084472656,1.6344623797220015
2021-10-05,23.220624923706055,98029600,21.299999237060547,0.5847804885786845
2021-10-06,22.975934982299805,100174800,21.0,-1.0537612239558847
2021-10-07,23.153127670288086,77596200,19.540000915527344,0.7712099121310434
2021-10-08,23.866113662719727,86200400,18.770000457763672,3.0794370531053605
2021-10-11,23.77751922607422,86021400,20.0,-0.37121434137765696
2021-10-12,23.798612594604492,71038200,19.850000381469727,0.08871139301673825
2021-10-13,23.77751922607422,57902600,18.639999389648438,-0.0886327656556607
2021-10-14,24.068618774414062,46786600,16.860000610351562,1.2242637491829855
2021-10-15,24.186748504638672,45354800,16.299999237060547,0.49080394405591754
2021-10-18,24.2036190032959,65257600,16.309999465942383,0.06975099879171776
2021-10-19,24.477853775024414,44552600,15.699999809265137,1.133032096114106
2021-10-20,24.67613983154297,50212600,15.489999771118164,0.8100630812692966
2021-10-21,24.220502853393555,64241800,15.010000228881836,-1.8464678076065333
2021-10-22,24.448320388793945,43005000,15.430000305175781,0.9405978760200329
2021-10-25,24.80691909790039,50112200,15.239999771118164,1.4667621472713277
2021-10-26,24.950363159179688,45503200,15.979999542236328,0.5782421457223075
2021-10-27,24.233156204223633,68007600,16.979999542236328,-2.8745351335384473
2021-10-28,24.4061279296875,46735000,16.530000686645508,0.7137812508043018
2021-10-29,24.24581527709961,43997800,16.260000228881836,-0.6568541025833374
2021-11-01,24.663480758666992,49656800,16.40999984741211,1.7226291497892898
2021-11-02,24.43144416809082,34125400,16.030000686645508,-0.9408103943099433
2021-11-03,24.22893524169922,46674800,15.100000381469727,-0.8288864342128943
2021-11-04,24.26268768310547,76363200,15.4399995803833,0.13930633380934143
2021-11-05,24.5791015625,45207000,16.479999542236328,1.304117184077902
2021-11-08,24.802703857421875,40022400,17.219999313354492,0.9097252572609182
2021-11-09,24.903955459594727,39378000,17.780000686645508,0.4082280817240491
2021-11-10,24.24581527709961,72033000,18.729999542236328,-2.6427134579601774
2021-11-11,24.338624954223633,48996600,17.65999984741211,0.3827863739095827
2021-11-12,24.279565811157227,34190000,16.290000915527344,-0.24265603820053938
2021-11-15,24.482067108154297,42751400,16.489999771118164,0.8340400259712055
2021-11-16,24.520044326782227,40958800,16.3700008392334,0.15512259834988829
2021-11-17,24.144559860229492,47339000,17.110000610351562,-1.5313368179461606
2021-11-18,24.001115798950195,57911000,17.59000015258789,-0.5941050990768915
2021-11-19,23.064529418945312,91379600,17.90999984741211,-3.902261827534903
2021-11-22,23.473758697509766,67785800,19.170000076293945,1.7742797658308662
2021-11-23,24.19518280029297,67724600,19.3799991607666,3.073321627267722
2021-11-24,24.43144416809082,42868600,18.579999923706055,0.9764810199945684
2021-11-26,23.448448181152344,89454400,28.6200008392334,-4.023487028336781
2021-11-29,23.583454132080078,70882400,22.959999084472656,0.5757564418964467
2021-11-30,23.030780792236328,92524000,27.190000534057617,-2.3434791898950924
2021-12-01,22.786083221435547,89549600,31.1200008392334,-1.0624805689751882
2021-12-02,23.448448181152344,100743800,27.950000762939453,2.906883790776682
2021-12-03,23.262821197509766,75880200,30.670000076293945,-0.7916386713888501
2021-12-06,23.608766555786133,63939000,27.18000030517578,1.4871169551584629
2021-12-07,24.16143798828125,73686600,21.889999389648438,2.3409585214423823
2021-12-08,24.15721893310547,47030000,19.899999618530273,-0.017461937397222904
2021-12-09,23.971586227416992,46798800,21.579999923706055,-0.7684357466913649
2021-12-10,24.148778915405273,39051200,18.690000534057617,0.739177984749384
2021-12-13,23.477977752685547,57208000,20.309999465942383,-2.777785017907475
2021-12-14,23.380950927734375,57597600,21.889999389648438,-0.41326738602975865
2021-12-15,23.26703453063965,67716200,19.290000915527344,-0.48721883659401666
2021-12-16,23.414697647094727,53731800,20.56999969482422,0.6346451940861808
2021-12-17,22.93796157836914,69270200,21.56999969482422,-2.0360547717119037
2021-12-20,22.653778076171875,72661600,22.8700008392334,-1.2389222173310066
2021-12-21,23.2990779876709,50319400,21.010000228881836,2.8485310897336635
2021-12-22,23.448650360107422,42206200,18.6299991607666,0.6419669160971697
2021-12-23,23.461469650268555,33370600,17.959999084472656,0.05466962901601313
2021-12-27,23.974288940429688,43484400,17.68000030517578,2.1857935491916836
2021-12-28,23.95719337463379,35877000,17.540000915527344,-0.07130791590264085
2021-12-29,23.8033447265625,30218200,16.950000762939453,-0.6421814344671373
2021-12-30,23.658048629760742,27180000,17.329999923706055,-0.6104020190054182
2021-12-31,23.717878341674805,26482400,17.219999313354492,0.2528936889528488
2022-01-03,24.45292091369629,65054200,16.600000381469727,3.09910760748755
2022-01-04,25.299070358276367,79957600,16.90999984741211,3.460320538255801
2022-01-05,25.2947940826416,90804000,19.729999542236328,-0.016902896328629957
2022-01-06,25.858896255493164,74681400,19.610000610351562,2.2301117416040794
2022-01-07,26.213598251342773,71169200,18.760000228881836,1.3716826594029952
2022-01-10,26.132402420043945,66473000,19.399999618530273,-0.3097469890257054
2022-01-11,27.021289825439453,76887800,18.40999984741211,3.4014760338824335
2022-01-12,27.072568893432617,60496800,17.6200008392334,0.18977283588026417
2022-01-13,26.93581771850586,59554000,20.309999465942383,-0.5051281814631658
2022-01-14,27.568296432495117,64801000,19.190000534057617,2.3480954638133156
2022-01-18,27.67940330505371,82133400,22.790000915527344,0.40302407814953867
2022-01-19,27.478553771972656,65978000,23.850000381469727,-0.7256281172953738
2022-01-20,27.226415634155273,83980800,25.59000015258789,-0.9175815434455559
2022-01-21,26.687955856323242,114539600,28.850000381469727,-1.9777108564982715
2022-01-24,26.86744499206543,124505600,29.899999618530273,0.6725473344923127
2022-01-25,27.910173416137695,118434400,31.15999984741211,3.8810107339205757
2022-01-26,27.863161087036133,130725400,31.959999084472656,-0.168441551403542
2022-01-27,28.166587829589844,108901400,30.489999771118164,1.0889889399336106
2022-01-28,28.04692268371582,105302400,27.65999984741211,-0.42484786086979254
2022-01-31,28.17085838317871,63298400,24.829999923706055,0.4418869794041491
2022-02-01,29.17512321472168,90444600,21.959999084472656,3.5649067482538266
2022-02-02,29.269140243530273,65197000,22.09000015258789,0.32225066580404693
2022-02-03,28.991361618041992,61962600,24.350000381469727,-0.9490494875389555
2022-02-04,29.44435691833496,81733400,23.219999313354492,1.562518195113194
2022-02-07,29.82042694091797,65165000,22.860000610351562,1.2772227412745085
2022-02-08,29.17940330505371,75764200,21.440000534057617,-2.1496125361796237
2022-02-09,29.422988891601562,70791400,19.959999084472656,0.8347860441192179
2022-02-10,29.239233016967773,75643200,23.90999984741211,-0.6245316385455335
2022-02-11,30.089656829833984,93034000,27.360000610351562,2.9085024643864754
2022-02-14,29.38025665283203,99633000,28.329999923706055,-2.3576213614326824
2022-02-15,29.072559356689453,86092200,25.700000762939453,-1.047292744166406
2022-02-16,29.30760383605957,73444200,24.290000915527344,0.8084753615475337
2022-02-17,29.26059341430664,67622800,28.110000610351562,-0.1604034980679292
2022-02-18,29.081106185913086,63291600,27.75,-0.6134093928040318
2022-02-22,28.61102294921875,93002800,28.809999465942383,-1.6164558311129285
2022-02-23,28.90589141845703,67958000,31.020000457763672,1.0306114177100145
2022-02-24,28.67940330505371,123485800,30.31999969482422,-0.783536166121146
2022-02-25,29.43580436706543,78423000,27.59000015258789,2.6374365392686894
2022-02-28,30.162303924560547,96394200,30.149999618530273,2.46808121305484
2022-03-01,30.46572494506836,124231000,33.31999969482422,1.0059610209707692
2022-03-02,31.16230010986328,90908200,30.739999771118164,2.286422417490108
2022-03-03,31.247766494750977,89119800,30.479999542236328,0.27426211988967886
2022-03-04,32.14947509765625,105216800,31.979999542236328,2.8856737746576044
2022-03-07,32.62384033203125,131214800,36.45000076293945,1.4754991580238297
2022-03-08,33.13665771484375,196054400,35.130001068115234,1.571909921067749
2022-03-09,32.123836517333984,174036400,32.45000076293945,-3.0564977500916357
2022-03-10,33.10673904418945,137802600,30.229999542236328,3.0597295759648535
2022-03-11,32.84178161621094,91837800,30.75,-0.8003126723681864
2022-03-14,31.858884811401367,101490000,31.770000457763672,-2.992824251423698
2022-03-15,30.692218780517578,124724400,29.829999923706055,-3.661980128275777
2022-03-16,30.55118751525879,107536200,26.670000076293945,-0.45950169411770325
2022-03-17,31.602462768554688,76956400,25.670000076293945,3.441029101637505
2022-03-18,31.572561264038086,58550800,23.8700008392334,-0.09461764019972341
2022-03-21,32.84529495239258,68714800,23.530000686645508,4.031138550055391
2022-03-22,32.60368728637695,66462200,22.940000534057617,-0.7355929254580396
2022-03-23,33.1645622253418,58663000,23.56999969482422,1.7202806972056672
2022-03-24,33.246524810791016,52700600,21.670000076293945,0.24713905430835403
2022-03-25,33.97566604614258,56083600,20.809999465942383,2.1931351908242247
2022-03-28,33.13435363769531,69760400,19.6299991607666,-2.4762205023579953
2022-03-29,33.04806900024414,73274000,18.899999618530273,-0.26040839182995823
2022-03-30,33.43204879760742,49736400,19.329999923706055,1.1618827029211465
2022-03-31,32.979042053222656,65606600,20.559999465942383,-1.355007427535182
2022-04-01,33.246524810791016,49612600,19.6299991607666,0.8110689119977588
2022-04-04,33.289676666259766,46007400,18.56999969482422,0.1297935820791185
2022-04-05,32.767635345458984,54577200,21.030000686645508,-1.5681778048925565
2022-04-06,32.9617805480957,64328400,22.100000381469727,0.5924907323641371
2022-04-07,33.39323043823242,54097400,21.549999237060547,1.3089398781330308
2022-04-08,34.31218338012695,53426200,21.15999984741211,2.7519138754614314
2022-04-11,33.28105163574219,52461000,24.3700008392334,-3.005147568026756
2022-04-12,33.83327865600586,63929400,24.260000228881836,1.6592835656389138
2022-04-13,34.33806610107422,49295800,21.81999969482422,1.4919850074262664
2022-04-14,34.45023727416992,51869400,22.700000762939453,0.32666712436724143
2022-04-18,34.955020904541016,60913200,22.170000076293945,1.4652544374478715
2022-04-19,34.670265197753906,45727800,21.3700008392334,-0.8146346345057287
2022-04-20,34.804012298583984,52079400,20.31999969482422,0.3857689004315601
2022-04-21,33.69955062866211,65157800,22.68000030517578,-3.1733745536195235
2022-04-22,32.87548828125,71499200,28.209999084472656,-2.4453214717683136
2022-04-25,31.788265228271484,110724400,27.020000457763672,-3.3070932473377
2022-04-26,31.83141326904297,89168600,33.52000045776367,0.1357357517361768
2022-04-27,32.29737091064453,89132600,31.600000381469727,1.4638295750905916
2022-04-28,33.276729583740234,87469600,29.989999771118164,3.0323170136827615
2022-04-29,32.422489166259766,79416200,33.400001525878906,-2.567080443800196
2022-05-02,32.940216064453125,104141200,32.34000015258789,1.5968141604998376
2022-05-03,33.86348342895508,83298800,29.25,2.8028576457890475
2022-05-04,35.26996994018555,90767400,25.420000076293945,4.153401743743368
2022-05-05,34.73930358886719,93194000,31.200000762939453,-1.5045840759669415
2022-05-06,35.774742126464844,94245600,30.190000534057617,2.980596703525973
2022-05-09,32.815093994140625,106044000,34.75,-8.273010387780765
2022-05-10,33.1127815246582,113727800,32.9900016784668,0.9071664721445938
2022-05-11,33.55717086791992,99705000,32.560001373291016,1.342047761619769
2022-05-12,33.69955062866211,90043600,31.770000457763672,0.42429012059028715
2022-05-13,34.851470947265625,59437400,28.8700008392334,3.4182067627447354
2022-05-16,35.77043533325195,56518800,27.469999313354492,2.636802295595575
2022-05-17,36.18461608886719,56329400,26.100000381469727,1.1578857001782517
2022-05-18,35.25702667236328,66461400,30.959999084472656,-2.563491109663296
2022-05-19,35.12759017944336,71441000,29.350000381469727,-0.3671225430401437
2022-05-20,35.278602600097656,63840000,29.43000030517578,0.4298968983721174
2022-05-23,36.21051025390625,53289400,28.479999542236328,2.6415662331421563
2022-05-24,36.34855270385742,53127600,29.450000762939453,0.381222051231056
2022-05-25,37.0992546081543,52648000,28.3700008392334,2.0652869191603473
2022-05-26,37.50912094116211,42678200,27.5,1.1047832020800952
2022-05-27,38.19511032104492,37334400,25.719999313354492,1.8288601883229338
2022-05-31,37.62129592895508,78681200,26.190000534057617,-1.5023242170704831
2022-06-01,38.233951568603516,59297200,25.690000534057617,1.6284809561196045
2022-06-02,38.11313247680664,52605400,24.719999313354492,-0.31599948956384516
2022-06-03,38.617923736572266,41050600,24.790000915527344,1.3244549239630476
2022-06-06,38.57477569580078,33384600,25.06999969482422,-0.11173060743973062
2022-06-07,39.72671127319336,51378800,24.020000457763672,2.98624050720786
2022-06-08,39.81300354003906,56985400,23.959999084472656,0.21721472550870757
2022-06-09,38.932865142822266,49176200,26.09000015258789,-2.2106807298064357
2022-06-10,38.27276611328125,62543600,27.75,-1.6954802250476408
2022-06-13,36.27522277832031,89462600,34.02000045776367,-5.219229070218045
2022-06-14,36.34425354003906,69512800,32.689998626708984,0.19029727850494726
2022-06-15,35.54176712036133,86446400,29.6200008392334,-2.2080145869378343
2022-06-16,33.5399055480957,115958200,32.95000076293945,-5.63241992297786
2022-06-17,31.706296920776367,128468400,31.1299991607666,-5.466946305766928
2022-06-21,33.348876953125,70013400,30.190000534057617,5.180611398590318
2022-06-22,32.013877868652344,82425200,28.950000762939453,-4.00313055923629
2022-06-23,30.827205657958984,113842200,29.049999237060547,-3.7067431054809363
2022-06-24,31.232938766479492,94797000,27.229999542236328,1.3161527289313524
2022-06-27,32.14912033081055,67958800,26.950000762939453,2.93338251382973
2022-06-28,33.017303466796875,79568000,28.360000610351562,2.7004879979695584
2022-06-29,31.869901657104492,71184000,28.15999984741211,-3.4751529931759673
2022-06-30,31.198040008544922,75533400,28.709999084472656,-2.108138442936791
2022-07-01,31.664857864379883,69204000,26.700000762939453,1.4963050746364281
2022-07-05,30.408382415771484,89865800,27.540000915527344,-3.968043861083681
2022-07-06,29.88921546936035,96419000,26.729999542236328,-1.7073152373335843
2022-07-07,30.966819763183594,67587200,26.079999923706055,3.6053281322418806
2022-07-08,30.953718185424805,43940600,24.639999389648438,-0.04230843806042328
2022-07-11,30.657054901123047,45508200,26.170000076293945,-0.9584092047508763
2022-07-12,30.059362411499023,64690200,27.290000915527344,-1.9496083089250993
2022-07-13,30.011369705200195,58978000,26.81999969482422,-0.15965976138092586
2022-07-14,29.444210052490234,73273600,26.399999618530273,-1.8898159540238768
2022-07-15,29.924114227294922,59920600,24.229999542236328,1.6298762097850972
2022-07-18,30.609066009521484,51453600,25.299999237060547,2.288962597268096
2022-07-19,31.551424026489258,48776400,24.5,3.078689224540976
2022-07-20,31.856809616088867,41849400,23.8799991607666,0.9678979603051197
2022-07-21,31.29837989807129,43159200,23.110000610351562,-1.752936733926902
2022-07-22,31.040977478027344,40836400,23.030000686645508,-0.8224145175635966
2022-07-25,32.179664611816406,39112000,23.360000610351562,3.6683352983812867
2022-07-26,31.887351989746094,37228800,24.690000534057617,-0.9083768448070573
2022-07-27,32.60721206665039,44810800,23.239999771118164,2.257509739710528
2022-07-28,32.79044723510742,46665400,22.329999923706055,0.561946749947495
2022-07-29,34.21269989013672,51667600,21.329999923706055,4.337399379861306
2022-08-01,33.50593185424805,51331000,22.84000015258789,-2.0658060841682646
2022-08-02,33.42741012573242,39864400,23.93000030517578,-0.23435172272538995
2022-08-03,32.467594146728516,57013200,21.950000762939453,-2.8713441316383648
2022-08-04,31.263477325439453,55991000,21.440000534057617,-3.708672764133314
2022-08-05,31.88299560546875,45179600,21.149999618530273,1.9816038810410497
2022-08-08,32.048770904541016,37756600,21.290000915527344,0.519948944332671
2022-08-09,32.611568450927734,34683000,21.770000457763672,1.7560659285906555
2022-08-10,32.84716033935547,34788400,19.739999771118164,0.7224181467452073
2022-08-11,33.977108001708984,60531600,20.200000762939453,3.440016277448743
2022-08-12,34.23451232910156,38381000,19.530000686645508,0.7575816263692303
2022-08-15,33.5670166015625,42024400,19.950000762939453,-1.9497743128989997
2022-08-16,33.488487243652344,39357600,19.690000534057617,-0.23394798186056054
2022-08-17,33.767704010009766,45472400,19.899999618530273,0.8337694214908042
2022-08-18,34.67515563964844,46866000,19.559999465942383,2.6873358916249535
2022-08-19,34.66642379760742,39488400,20.600000381469727,-0.02518183950421804
2022-08-22,34.600982666015625,45696200,23.799999237060547,-0.1887738174951692
2022-08-23,35.848731994628906,54367000,24.110000610351562,3.6061095161866508
2022-08-24,36.28937530517578,49093200,22.81999969482422,1.2291740489256187
2022-08-25,36.56858825683594,39798600,21.780000686645508,0.7694068837286849
2022-08-26,36.14103317260742,38635200,25.559999465942383,-1.1691867381524945
2022-08-29,36.686378479003906,52125000,26.209999084472656,1.5089366808965998
2022-08-30,35.442996978759766,57641800,26.209999084472656,-3.3892184287302785
2022-08-31,35.12015151977539,58304600,25.8700008392334,-0.9108864557301644
2022-09-01,34.25632858276367,56604200,25.559999465942383,-2.4596218969195505
2022-09-02,34.88456726074219,57188200,25.469999313354492,1.833934644983004
2022-09-06,34.56172180175781,45568200,26.90999984741211,-0.9254678625401636
2022-09-07,34.16034698486328,60541400,24.639999389648438,-1.1613276074518897
2022-09-08,34.308685302734375,53681600,23.610000610351562,0.43424125035036454
2022-09-09,35.16378402709961,38678800,22.790000915527344,2.4923680893627287
2022-09-12,35.80946350097656,41731800,23.8700008392334,1.836205891207121
2022-09-13,34.906375885009766,61146000,27.270000457763672,-2.5219244514572803
2022-09-14,35.892356872558594,54384200,26.15999984741211,2.824644388168207
2022-09-15,34.96746063232422,55886400,26.270000457763672,-2.576861261906993
2022-09-16,34.22142791748047,70403600,26.299999237060547,-2.13350555445857
2022-09-19,34.24171829223633,37625800,25.760000228881836,0.05929143227099143
2022-09-20,34.003562927246094,42299600,27.15999984741211,-0.6955123074072866
2022-09-21,33.505191802978516,68705800,27.989999771118164,-1.4656438365999835
2022-09-22,33.386112213134766,57748000,27.350000381469727,-0.3554063816258002
2022-09-23,31.08393096923828,105475600,29.920000076293945,-6.895625430117502
2022-09-26,30.320945739746094,72159600,32.2599983215332,-2.45459697567616
2022-09-27,30.660533905029297,67671200,32.599998474121094,1.119978803425159
2022-09-28,32.01891326904297,63147600,30.18000030517578,4.430383920323244
2022-09-29,32.01891326904297,48563000,31.84000015258789,0.0
2022-09-30,31.763107299804688,43369400,31.6200008392334,-0.7989214596036964
2022-10-03,33.55811309814453,69550600,30.100000381469727,5.651228582258017
2022-10-04,35.00028610229492,66330800,29.06999969482422,4.297539018158125
2022-10-05,35.72358322143555,61273600,28.549999237060547,2.066546304869199
2022-10-06,36.35866928100586,52670200,30.520000457763672,1.7777781574532359
2022-10-07,36.07640838623047,56915400,31.360000610351562,-0.7763235023643955
2022-10-10,35.335479736328125,46331600,32.45000076293945,-2.0537760909291047
2022-10-11,35.05320739746094,53842200,33.630001068115234,-0.7988354508655093
2022-10-12,35.335479736328125,41102400,33.56999969482422,0.8052682188724125
2022-10-13,36.777645111083984,70134800,31.940000534057617,4.081352186293308
2022-10-14,35.406036376953125,53494600,32.02000045776367,-3.7294631833768133
2022-10-17,35.847068786621094,37988400,31.3700008392334,1.2456418588414842
2022-10-18,36.16019821166992,50375800,30.5,0.8735147269996357
2022-10-19,37.22750473022461,62527600,30.760000228881836,2.9516058299985604
2022-10-20,37.262779235839844,50523600,29.979999542236328,0.09475388122532902
2022-10-21,38.33890151977539,50548400,29.690000534057617,2.887928130976647
2022-10-24,38.51971435546875,44992000,29.850000381469727,0.4716171526200297
2022-10-25,38.55942153930664,37683600,28.459999084472656,0.10308275775741116
2022-10-26,39.08425521850586,45413000,27.280000686645508,1.3611036116405906
2022-10-27,39.22538375854492,50021200,27.389999389648438,0.3610879604845074
2022-10-28,39.362091064453125,49328000,25.75,0.34851744663535467
2022-10-31,39.692867279052734,59520800,25.8799991607666,0.8403420795353167
2022-11-01,40.07656478881836,43510800,25.809999465942383,0.9666661444942104
2022-11-02,39.11070251464844,56499200,25.860000610351562,-2.410042575404081
2022-11-03,39.8339958190918,53634400,25.299999237060547,1.8493487918619156
2022-11-04,40.31913375854492,60590600,24.549999237060547,1.2178992578510295
2022-11-07,41.01155090332031,38775400,24.350000381469727,1.7173413221672762
2022-11-08,41.051246643066406,43718600,25.540000915527344,0.09679160839264345
2022-11-09,39.0445442199707,63028000,26.09000015258789,-4.888286196381896
2022-11-10,39.91339111328125,58488200,23.530000686645508,2.2252709326445297
2022-11-11,41.07330322265625,51082600,22.520000457763672,2.9060725661795184
2022-11-14,41.0600700378418,46245200,23.729999542236328,-0.032218457674848544
2022-11-15,41.492279052734375,51542200,24.540000915527344,1.0526261024256467
2022-11-16,40.64549255371094,47277200,24.110000610351562,-2.0408290852069633
2022-11-17,40.733707427978516,42859800,23.93000030517578,0.21703482655797135
2022-11-18,40.41175079345703,47366200,23.1200008392334,-0.7903936441109316
2022-11-21,39.864871978759766,85153600,22.360000610351562,-1.353266819575183
2022-11-22,41.11299133300781,53755000,21.290000915527344,3.130875109577813
2022-11-23,40.66754913330078,41197400,20.350000381469727,-1.0834585012290399
2022-11-25,40.51759338378906,15182600,20.5,-0.3687356447770962
2022-11-28,39.406192779541016,58262400,22.209999084472656,-2.7430074479515176
2022-11-29,40.0015869140625,38048400,21.889999389648438,1.5109151443592372
2022-11-30,40.20005416870117,43830200,20.579999923706055,0.49614845297274446
2022-12-01,40.0677490234375,38902000,19.84000015258789,-0.3291168332969052
2022-12-02,39.829586029052734,36770000,19.059999465942383,-0.5944007342300495
2022-12-05,38.647621154785156,51753800,20.75,-2.967555006485434
2022-12-06,37.628841400146484,64930200,22.170000076293945,-2.6360736423036824
2022-12-07,37.54063415527344,48894200,22.68000030517578,-0.23441392716573306
2022-12-08,37.37303924560547,51280800,22.290000915527344,-0.4464360111093857
2022-12-09,36.46451187133789,48097800,22.829999923706055,-2.4309700056690087
2022-12-12,37.42155838012695,42184800,25.0,2.624597066226819
2022-12-13,38.13160705566406,54557400,22.549999237060547,1.8974321387806858
2022-12-14,37.89786911010742,52675600,21.139999389648438,-0.6129769070981839
2022-12-15,37.66853713989258,40406600,22.829999923706055,-0.6051315696630533
2022-12-16,37.20545196533203,59101000,22.6200008392334,-1.2293686182735297
2022-12-19,37.20099639892578,36836600,22.420000076293945,-0.011975573930400607
2022-12-20,37.76241683959961,28593000,21.479999542236328,1.5091543104206684
2022-12-21,38.479793548583984,34058200,20.06999969482422,1.899710794548759
2022-12-22,37.593101501464844,37359400,21.969999313354492,-2.304305624716041
2022-12-23,38.79170227050781,29630000,20.8700008392334,3.1883529721437487
2022-12-27,39.206077575683594,32749200,21.649999618530273,1.0682060361419499
2022-12-28,38.32829284667969,31838000,22.139999389648438,-2.2388996382242676
2022-12-29,38.729312896728516,26915800,21.440000534057617,1.0462768369386533
2022-12-30,38.97438430786133,22661800,21.670000076293945,0.6327801677925349
2023-01-03,37.60647201538086,53082800,22.899999618530273,-3.5097726796021633
2023-01-04,37.602012634277344,45705200,22.010000228881836,-0.011858015029142521
2023-01-05,38.28818893432617,38723800,22.459999084472656,1.8248392891164533
2023-01-06,39.014488220214844,44422400,21.1299991607666,1.8969277631137205
2023-01-09,38.87635803222656,46003200,21.969999313354492,-0.35404844274418146
2023-01-10,39.152610778808594,31599000,20.579999923706055,0.7105931742706684
2023-01-11,39.27291488647461,32903000,21.09000015258789,0.30726969485042055
2023-01-12,40.021480560302734,36716000,18.829999923706055,1.9060608971653625
2023-01-13,40.07940673828125,31808400,18.350000381469727,0.14473771876388764
2023-01-17,40.164058685302734,33933200,19.360000610351562,0.21121057897453
2023-01-18,39.428871154785156,38075200,20.34000015258789,-1.8304612496411021
2023-01-19,39.919002532958984,34293800,20.520000457763672,1.2430773791360261
2023-01-20,40.3155632019043,28560000,19.850000381469727,0.9934132713308452
2023-01-23,40.369022369384766,29305000,19.809999465942383,0.13260181238878843
2023-01-24,40.213077545166016,30755200,19.200000762939453,-0.3862982432218054
2023-01-25,40.217533111572266,26861200,19.079999923706055,0.011079894099741416
2023-01-26,41.4874267578125,36663000,18.729999542236328,3.1575622570316986
2023-01-27,40.64973831176758,34841000,18.510000228881836,-2.0191381136627773
2023-01-30,39.71849060058594,27525000,19.940000534057617,-2.290907026361
2023-01-31,40.07048797607422,27848200,19.399999618530273,0.8862304940739252
2023-02-01,39.281829833984375,46967200,17.8700008392334,-1.9681770348310867
2023-02-02,38.38622283935547,49803000,18.729999542236328,-2.2799523301587077
2023-02-03,38.30156326293945,45454800,18.329999923706055,-0.22054677473819506
2023-02-06,38.12778854370117,31714400,19.43000030517578,-0.45370137517709574
2023-02-07,39.366485595703125,41014000,18.65999984741211,3.248803823442814
2023-02-08,39.014488220214844,26967200,19.6299991607666,-0.8941549395679371
2023-02-09,38.6802978515625,32150400,20.709999084472656,-0.8565801677726137
2023-02-10,40.195247650146484,40003200,20.530000686645508,3.916592898011473
2023-02-13,40.092777252197266,24744800,20.34000015258789,-0.25493162485552556
2023-02-14,40.10613250732422,27022600,18.90999984741211,0.03331087552989054
2023-02-15,39.424415588378906,31939600,18.229999542236328,-1.6997822435778742
2023-02-16,39.03675842285156,25314200,20.170000076293945,-0.9832921039966247
2023-02-17,37.646568298339844,44680400,20.020000457763672,-3.5612335159927677
2023-02-21,37.45942306518555,33622600,22.8700008392334,-0.4971110027113701
2023-02-22,37.20990753173828,40270400,22.290000915527344,-0.6660955055636242
2023-02-23,37.77133560180664,35023400,21.139999389648438,1.5088133975863505
2023-02-24,37.722320556640625,37496800,21.670000076293945,-0.12976783686641236
2023-02-27,37.833709716796875,30676400,20.950000762939453,0.2952871364024334
2023-02-28,37.29010772705078,38007600,20.700000762939453,-1.4368191589331558
2023-03-01,38.025306701660156,37094000,20.579999923706055,1.9715657031370126
2023-03-02,38.359493255615234,32798600,19.59000015258789,0.8788530138022166
2023-03-03,38.88080978393555,50675200,18.489999771118164,1.3590287151251657
2023-03-06,38.89862823486328,33898400,18.610000610351562,0.04582839459041921
2023-03-07,38.22136306762695,37000400,19.59000015258789,-1.7411029590738147
2023-03-08,37.82925033569336,39399000,19.110000610351562,-1.0258993935925553
2023-03-09,37.29457092285156,37888200,22.610000610351562,-1.413402084622617
2023-03-10,36.81779479980469,56624800,24.799999237060547,-1.278406243185226
2023-03-13,36.06923294067383,83327000,26.520000457763672,-2.0331523471221913
2023-03-14,36.425697326660156,61066400,23.729999542236328,0.9882782552449454
2023-03-15,34.469627380371094,115347000,26.139999389648438,-5.370027452727455
2023-03-16,34.84389877319336,88790400,22.989999771118164,1.0858005185034214
2023-03-17,34.29584884643555,67351600,25.510000228881836,-1.5728719978358119
2023-03-20,34.98244094848633,52288800,24.149999618530273,2.0019685330580295
2023-03-21,36.193546295166016,59712400,21.3799991607666,3.4620378505408222
2023-03-22,35.42366409301758,49209400,22.260000228881836,-2.1271256369019054
2023-03-23,34.93291473388672,49486200,22.610000610351562,-1.3853715353731366
2023-03-24,35.06798553466797,41298000,21.739999771118164,0.3866576889165918
2023-03-27,35.81535720825195,40223800,20.600000381469727,2.131207887162878
2023-03-28,36.369140625,32596800,19.969999313354492,1.5462177677805
2023-03-29,36.87338638305664,36204600,19.1200008392334,1.3864659692014447
2023-03-30,37.035465240478516,27460800,19.020000457763672,0.43955511907187717
2023-03-31,37.292091369628906,32294600,18.700000762939453,0.6929199551944709
2023-04-03,38.98043441772461,62452200,18.549999237060547,4.5273487918961575
2023-04-04,38.27358627319336,49363000,19.0,-1.8133408595616962
2023-04-05,38.84987258911133,40552200,19.079999923706055,1.5057024230875404
2023-04-06,38.26008224487305,33378600,18.399999618530273,-1.5181268429785955
2023-04-10,38.56623840332031,26977200,18.969999313354492,0.8001973348823466
2023-04-11,38.93091583251953,25575200,19.100000381469727,0.9455872397651888
2023-04-12,38.95792007446289,33334400,19.09000015258789,0.06936451754573358
2023-04-13,39.20104217529297,31384600,17.799999237060547,0.6240633492891279
2023-04-14,39.2730827331543,23560200,17.06999969482422,0.1837720475368787
2023-04-17,38.809349060058594,23762000,16.950000762939453,-1.180792646827844
2023-04-18,38.96242904663086,24493600,16.829999923706055,0.3944410052726388
2023-04-19,38.82735824584961,34246200,16.459999084472656,-0.3466693532366616
2023-04-20,38.485191345214844,30396200,17.170000076293945,-0.8812520760959619
2023-04-21,38.26008224487305,33757600,16.770000457763672,-0.5849239472984658
2023-04-24,38.84536361694336,25251800,16.889999389648438,1.5297441556042068
2023-04-25,38.11600875854492,30665200,18.760000228881836,-1.877585355077771
2023-04-26,37.60725021362305,40070000,18.84000015258789,-1.3347634274740838
2023-04-27,37.7423210144043,34114600,17.030000686645508,0.35916159786741897
2023-04-28,38.32760238647461,38228600,15.779999732971191,1.5507296751753552
2023-05-01,37.8953971862793,27821400,16.079999923706055,-1.1276604151681413
2023-05-02,36.2475700378418,67648000,17.780000686645508,-4.348356979443735
2023-05-03,35.563228607177734,59367600,18.34000015258789,-1.8879649862035497
2023-05-04,35.16704177856445,52861000,20.09000015258789,-1.114035041614081
2023-05-05,36.12150955200195,39073400,17.190000534057617,2.7140974195312584
2023-05-08,36.12150955200195,32711800,16.979999542236328,0.0
2023-05-09,36.1350212097168,41421200,17.709999084472656,0.037406126937722384
2023-05-10,35.725311279296875,36052000,16.940000534057617,-1.1338306072717907
2023-05-11,35.297603607177734,38168200,16.93000030517578,-1.1972118836848344
2023-05-12,35.35162353515625,37913200,17.030000686645508,0.1530413468848968
2023-05-15,35.531715393066406,32544600,17.1200008392334,0.5094302323373157
2023-05-16,34.65828323364258,44511200,17.989999771118164,-2.4581761667331947
2023-05-17,35.32461929321289,46200600,16.8700008392334,1.9225881878751183
2023-05-18,35.58123779296875,33154200,16.049999237060547,0.726457934693614
2023-05-19,35.85588073730469,36122200,16.809999465942383,0.771875745115902
2023-05-22,35.70730209350586,26943600,17.209999084472656,-0.41437733711626734
2023-05-23,36.09000015258789,42803800,18.530000686645508,1.0717641396705613
2023-05-24,36.2475700378418,33474200,20.030000686645508,0.43660261731144345
2023-05-25,35.603755950927734,38251000,19.139999389648438,-1.7761579224260582
2023-05-26,35.46417999267578,28785800,17.950000762939453,-0.3920259380620683
2023-05-30,35.09950256347656,40331600,17.459999084472656,-1.0282979312493112
2023-05-31,34.482688903808594,44797600,17.940000534057617,-1.7573287785274894
2023-06-01,34.91040802001953,51623600,15.649999618530273,1.2403879448151134
2023-06-02,35.97293472290039,55278800,14.600000381469727,3.0435814507568937
2023-06-05,35.73431396484375,37826200,14.729999542236328,-0.6633341424455264
2023-06-06,36.0224609375,34750800,13.960000038146973,0.8063593243730294
2023-06-07,36.97693634033203,60654200,13.9399995803833,2.6496673963727124
2023-06-08,36.819358825683594,46155200,13.649999618530273,-0.42615081249054443
2023-06-09,36.616756439208984,38387000,13.829999923706055,-0.5502604959358615
2023-06-12,36.26559066772461,36387000,15.010000228881836,-0.9590302518121208
2023-06-13,36.436668395996094,40136400,14.609999656677246,0.4717356731865907
2023-06-14,36.06298828125,47605400,13.880000114440918,-1.025560599242814
2023-06-15,36.45918273925781,46777000,14.5,1.0986179373654537
2023-06-16,36.4051513671875,47461800,13.539999961853027,-0.14819688213179028
2023-06-20,35.59033203125,42552000,13.880000114440918,-2.238197906991557
2023-06-21,35.8719367980957,34473800,13.199999809265137,0.7912395045891696
2023-06-22,35.3904914855957,33507400,12.90999984741211,-1.3421224374078333
2023-06-23,35.13614273071289,34905200,13.4399995803833,-0.7186923498542996
2023-06-26,35.76747131347656,32488600,14.25,1.7968067456984205
2023-06-27,35.84921646118164,28388400,13.739999771118164,0.2285460635129688
2023-06-28,36.21257781982422,32903200,13.430000305175781,1.013582428045634
2023-06-29,36.630428314208984,28435800,13.539999961853027,1.153882213146451
2023-06-30,36.86661148071289,35970600,13.59000015258789,0.6447731500106135
2023-07-03,36.95289993286133,19539800,13.569999694824219,0.23405582635003253
2023-07-05,36.74852752685547,32557400,14.180000305175781,-0.5530618879091453
2023-07-06,35.92189025878906,41967800,15.4399995803833,-2.249443239493898
2023-07-07,36.69401931762695,48916000,14.829999923706055,2.149466671367528
2023-07-10,36.980159759521484,30925000,15.069999694824219,0.7798013060866138
2023-07-11,37.793155670166016,39642000,14.84000015258789,2.198465111917769
2023-07-12,38.14288330078125,43077600,13.539999961853027,0.9253729264299349
2023-07-13,37.99754333496094,53226400,13.609999656677246,-0.3810408475788618
2023-07-14,36.99378204345703,43988200,13.34000015258789,-2.641647863008978
2023-07-17,36.92111587524414,32445800,13.479999542236328,-0.1964280595250556
2023-07-18,37.293548583984375,43209400,13.300000190734863,1.0087254946429036
2023-07-19,37.51155471801758,37521000,13.760000228881836,0.5845679542729965
2023-07-20,37.952117919921875,35449800,13.989999771118164,1.1744733195307555
2023-07-21,38.28822708129883,31529000,13.600000381469727,0.885613714855471
2023-07-24,38.90592956542969,44539600,13.90999984741211,1.6132961257758538
2023-07-25,39.110313415527344,33606600,13.859999656677246,0.5253282786983338
2023-07-26,39.12393569946289,32788000,13.1899995803833,0.034830413632369606
2023-07-27,38.87412643432617,35550600,14.40999984741211,-0.6385075035795773
2023-07-28,38.99221420288086,34627800,13.329999923706055,0.30376957474320676
2023-07-31,39.73255157470703,36266400,13.630000114440918,1.8986799979455293
2023-08-01,39.54632568359375,35766000,13.930000305175781,-0.4686985449779857
2023-08-02,39.02854537963867,45920000,16.09000015258789,-1.3093006619572911
2023-08-03,39.423702239990234,41630600,15.920000076293945,1.0124816503095158
2023-08-04,39.47820281982422,43208200,17.100000381469727,0.13824318046593564
2023-08-07,39.523624420166016,26821600,15.770000457763672,0.11505488370151529
2023-08-08,39.71892547607422,37237200,15.989999771118164,0.4941375159120076
2023-08-09,40.21853256225586,52085600,15.960000038146973,1.2578565008829257
2023-08-10,40.213993072509766,39226600,15.850000381469727,-0.011287059613795947
2023-08-11,40.83169174194336,46689200,14.84000015258789,1.5360291834730866
2023-08-14,40.659095764160156,30189400,14.819999694824219,-0.42270102075125937
2023-08-15,39.81430435180664,44982400,16.459999084472656,-2.0777427448304797
2023-08-16,39.469120025634766,37995400,16.780000686645508,-0.8669857022284289
2023-08-17,39.94147491455078,40464200,17.889999389648438,1.1967707630908153
2023-08-18,40.33662414550781,35307200,17.299999237060547,0.9893205791783988
2023-08-21,40.082271575927734,30488400,17.1299991607666,-0.6305747567335929
2023-08-22,39.7734260559082,25732800,16.969999313354492,-0.7705289842031227
2023-08-23,39.67350387573242,38798600,15.979999542236328,-0.25122849622087884
2023-08-24,39.40098571777344,33455000,17.200000762939453,-0.6869021672816777
2023-08-25,39.78251266479492,38036800,15.680000305175781,0.9683182795332534
2023-08-28,40.050479888916016,25718200,15.079999923706055,0.6735804406799772
2023-08-29,40.15949630737305,27019400,14.449999809265137,0.2721975336110738
2023-08-30,40.359336853027344,27890200,13.880000114440918,0.49761716164156145
2023-08-31,40.38658142089844,29617400,13.569999694824219,0.06750499387615516
2023-09-01,41.21321105957031,35764200,13.09000015258789,2.0467927950052367
2023-09-05,41.43122100830078,48737400,14.010000228881836,0.5289807397325985
2023-09-06,41.44939041137695,40324200,14.449999809265137,0.04385437511613688
2023-09-07,41.40850830078125,30729200,14.399999618530273,-0.09863139165607882
2023-09-08,41.808197021484375,34739000,13.84000015258789,0.9652333230646404
2023-09-11,41.25862503051758,44095000,13.800000190734863,-1.3145077523538773
2023-09-12,42.230594635009766,53599400,14.229999542236328,2.355797372726931
2023-09-13,41.912662506103516,36315400,13.479999542236328,-0.7528478622052859
2023-09-14,42.40318298339844,37099800,12.819999694824219,1.170339577504742
2023-09-15,41.7900276184082,49612800,13.789999961853027,-1.4460125911545219
2023-09-18,42.1441650390625,33746600,14.0,0.8474208820534512
2023-09-19,41.75067901611328,36264400,14.109999656677246,-0.9336666714941599
2023-09-20,41.36177062988281,35930400,15.140000343322754,-0.9315019429513294
2023-09-21,40.794429779052734,43446200,17.540000915527344,-1.3716551351411144
2023-09-22,40.8630485534668,42067400,17.200000762939453,0.16820623498283727
2023-09-25,41.37550354003906,35073800,16.899999618530273,1.2540791857507783
2023-09-26,41.13758087158203,33460000,18.940000534057617,-0.5750326838362074
2023-09-27,42.1624641418457,46289400,18.219999313354492,2.4913552244674175
2023-09-28,42.208221435546875,48462800,17.34000015258789,0.10852613724670057
2023-09-29,41.35719299316406,48369200,17.520000457763672,-2.0162622670143904
2023-10-02,40.53362274169922,50599800,17.610000610351562,-1.991359161152384
2023-10-03,40.506168365478516,41466600,19.780000686645508,-0.0677323524612028
2023-10-04,39.23419952392578,59572400,18.579999923706055,-3.1401855393381806
2023-10-05,38.991703033447266,47037000,18.489999771118164,-0.618074265362889
2023-10-06,39.22505187988281,51481000,17.450000762939453,0.5984576930004204
2023-10-09,40.53362274169922,61489000,17.700000762939453,3.3360589702305266
2023-10-10,40.583946228027344,41700600,17.030000686645508,0.12415245153094556
2023-10-11,40.06235122680664,47145400,16.09000015258789,-1.285224946559016
2023-10-12,40.10810470581055,39986400,16.690000534057617,0.11420567590973985
2023-10-13,40.99116516113281,48511800,19.31999969482422,2.2017007829201463
2023-10-16,41.265689849853516,38365200,17.209999084472656,0.6697167246687563
2023-10-17,41.695777893066406,40424000,17.8799991607666,1.0422412536365666
2023-10-18,42.07553482055664,47616800,19.219999313354492,0.9107802916260788
2023-10-19,42.0023307800293,63297000,21.399999618530273,-0.17398243620561082
2023-10-20,41.29771423339844,46549600,21.709999084472656,-1.6775653482684394
2023-10-23,40.62970733642578,51888200,20.3700008392334,-1.6175396371754247
2023-10-24,40.05777359008789,44271600,18.969999313354492,-1.407673802821452
2023-10-25,39.98456573486328,41412600,20.190000534057617,-0.18275567677261684
2023-10-26,39.67344284057617,44770400,20.68000030517578,-0.7781074736440963
2023-10-27,38.72175598144531,53809400,21.270000457763672,-2.39880078710365
2023-10-30,38.8498649597168,45530600,19.75,0.33084496047357526
2023-10-31,38.97797775268555,37205600,18.139999389648438,0.3297638051035445
2023-11-01,38.88646697998047,46082600,16.8700008392334,-0.23477557836815155
2023-11-02,40.06235122680664,45323000,15.65999984741211,3.0238906698094814
2023-11-03,39.65971755981445,47235000,14.90999984741211,-1.005017565526145
2023-11-06,39.21131896972656,41035400,14.890000343322754,-1.1306146833033326
2023-11-07,38.34199523925781,47550200,14.8100004196167,-2.217022414216463
2023-11-08,37.861572265625,50742000,14.449999809265137,-1.2529941924903087
2023-11-09,37.747196197509766,38232200,15.289999961853027,-0.30209011742250436
2023-11-10,38.16355514526367,34565600,14.170000076293945,1.1030195344187588
2023-11-13,38.438079833984375,28447400,14.760000228881836,0.7193373040739193
2023-11-14,38.78123474121094,34724000,14.15999984741211,0.892747267055638
2023-11-15,38.708030700683594,33043600,14.180000305175781,-0.18876150028702687
2023-11-16,37.95307922363281,53166000,14.319999694824219,-1.950374285089762
2023-11-17,38.74920654296875,48850800,13.800000190734863,2.0976619963952725
2023-11-20,38.80411148071289,29093800,13.40999984741211,0.14169306327151965
2023-11-21,38.71718215942383,26973800,13.350000381469727,-0.22402090389898044
2023-11-22,38.69887924194336,36547200,12.850000381469727,-0.04727337182004465
2023-11-24,38.85901641845703,19152600,12.460000038146973,0.41380313758572207
2023-11-27,38.72175598144531,24501800,12.6899995803833,-0.3532267403107081
2023-11-28,38.730899810791016,28921800,12.6899995803833,0.023614190818421754
2023-11-29,38.442649841308594,45268000,12.979999542236328,-0.744237729798658
2023-11-30,38.69887924194336,58364600,12.920000076293945,0.66652377422598
2023-12-01,38.90018844604492,43048000,12.630000114440918,0.5201938868642397
2023-12-04,38.72175598144531,37070200,13.079999923706055,-0.4586930596675587
2023-12-05,38.044593811035156,37747200,12.850000381469727,-1.7487899328084144
2023-12-06,37.47724533081055,62306600,12.970000267028809,-1.491272276535771
2023-12-07,37.221012115478516,40908800,13.0600004196167,-0.6837034394344355
2023-12-08,37.623653411865234,34127200,12.350000381469727,1.0817580541268468
2023-12-11,37.669410705566406,29344200,12.630000114440918,0.12161842232669695
2023-12-12,37.15238571166992,45386600,12.069999694824219,-1.3725327373387386
2023-12-13,37.669410705566406,46445600,12.1899995803833,1.391633360799438
2023-12-14,38.77665710449219,60717400,12.479999542236328,2.9393780741097775
2023-12-15,38.57076644897461,46366400,12.279999732971191,-0.5309654593555146
2023-12-18,38.885807037353516,42447200,12.5600004196167,0.8167859168566771
2023-12-19,39.35236358642578,36862400,12.529999732971191,1.199811922699956
2023-12-20,38.987430572509766,39818200,13.670000076293945,-0.9273471290092816
2023-12-21,39.139869689941406,26062800,13.649999618530273,0.3909955470087434
2023-12-22,39.25536346435547,25037800,13.029999732971191,0.2950796089230323
2023-12-26,39.59257125854492,25983400,12.989999771118164,0.8590107552962634
2023-12-27,39.41703796386719,20238200,12.430000305175781,-0.44334906548877395
2023-12-28,38.81651306152344,26198000,12.470000267028809,-1.5235160564176287
2023-12-29,38.72874450683594,24345400,12.449999809265137,-0.22611138344237336
2024-01-02,39.144493103027344,39301800,13.199999809265137,1.073488442461712
2024-01-03,39.781959533691406,37936000,14.039999961853027,1.6284958116235426
2024-01-04,39.084434509277344,42049000,14.130000114440918,-1.7533702024490005
2024-01-05,39.11677551269531,34029200,13.350000381469727,0.08274650464827893
2024-01-08,38.66407012939453,47218600,13.079999923706055,-1.1573177424960668
2024-01-09,38.045082092285156,33750400,12.760000228881836,-1.6009386364080336
2024-01-10,37.67091751098633,33159800,12.6899995803833,-0.9834768667109861
2024-01-11,37.76792526245117,38588600,12.4399995803833,0.25751364148896005
2024-01-12,38.19289779663086,38769200,12.699999809265137,1.125220756042422
2024-01-16,37.28288650512695,36031200,13.84000015258789,-2.38267150177901
2024-01-17,36.973388671875,39284200,14.789999961853027,-0.830133775209152
2024-01-18,36.91333770751953,35705600,14.130000114440918,-0.16241671784104073
2024-01-19,37.0334358215332,39940200,13.300000190734863,0.32535154356743146
2024-01-22,37.172019958496094,30136800,13.1899995803833,0.3742135556385806
2024-01-23,37.250553131103516,24709200,12.550000190734863,0.21126958582047273
2024-01-24,37.781776428222656,33841000,13.140000343322754,1.4260816349477956
2024-01-25,38.631744384765625,37609400,13.449999809265137,2.249677058350419
2024-01-26,38.91814041137695,36469600,13.260000228881836,0.741348937699704
2024-01-29,38.862701416015625,29680600,13.600000381469727,-0.14245026811486872
2024-01-30,39.26459503173828,35341200,13.3100004196167,1.0341371059630733
2024-01-31,38.530113220214844,38580800,14.350000381469727,-1.8705956624020748
2024-02-01,38.52549362182617,51101400,13.880000114440918,-0.011989579065774247
2024-02-02,38.580928802490234,38075000,13.850000381469727,0.14389220085853083
2024-02-05,38.483924865722656,31593600,13.670000076293945,-0.25142976019104646
2024-02-06,38.608642578125,28056200,13.0600004196167,0.3240774241128008
2024-02-07,38.68717575073242,26920400,12.829999923706055,0.20340827173219722
2024-02-08,39.084434509277344,36201000,12.789999961853027,1.0268486929739362
2024-02-09,38.483924865722656,38073400,12.930000305175781,-1.5364419393407047
2024-02-12,38.908905029296875,25893800,13.930000305175781,1.1043056680342556
2024-02-13,38.51625061035156,41156800,15.850000381469727,-1.0091633744245931
2024-02-14,38.479305267333984,40894600,14.380000114440918,-0.09592144207216657
2024-02-15,39.550994873046875,43364400,14.010000228881836,2.7851064312813145
2024-02-16,39.52790069580078,26960800,14.239999771118164,-0.05839088832081396
2024-02-20,39.16758728027344,28995600,15.420000076293945,-0.9115419973862227
2024-02-21,39.902069091796875,28745800,15.34000015258789,1.8752286329706047
2024-02-22,39.97135543823242,35206800,14.539999961853027,0.17364098657679516
2024-02-23,39.70804977416992,28952400,13.75,-0.6587358901786189
2024-02-26,39.84663391113281,23376400,13.739999771118164,0.3490076640657369
2024-02-27,39.67571258544922,26317400,13.430000305175781,-0.4289479660058326
2024-02-28,39.59718704223633,26679600,13.84000015258789,-0.19791841934475585
2024-02-29,39.791202545166016,27335400,13.399999618530273,0.4899729435900113
2024-03-01,40.253143310546875,32459600,13.109999656677246,1.160911799176012
2024-03-04,39.82353591918945,33198000,13.489999771118164,-1.0672642085192363
2024-03-05,40.119171142578125,32174200,14.460000038146973,0.7423630688861538
2024-03-06,40.243900299072266,28008800,14.5,0.3108966435295235
2024-03-07,40.585731506347656,24569200,14.4399995803833,0.8493988026385901
2024-03-08,40.72892761230469,28252000,14.739999771118164,0.35282376500873625
2024-03-11,41.149295806884766,24983800,15.220000267028809,1.0321121110320686
2024-03-12,41.084625244140625,23780600,13.84000015258789,-0.15716080063105098
2024-03-13,41.740570068359375,42725200,13.75,1.5965700558806972
2024-03-14,42.17017364501953,35946000,14.399999618530273,1.029223069921148
2024-03-15,42.294891357421875,37753400,14.40999984741211,0.2957486337433535
2024-03-18,42.44111633300781,30496800,14.329999923706055,0.3457272755478469
2024-03-19,42.9254150390625,28545800,13.819999694824219,1.141107369218819
2024-03-20,42.864871978759766,32659400,13.039999961853027,-0.1410424575921776
2024-03-21,43.120994567871094,23334200,12.920000076293945,0.5975116156610394
2024-03-22,43.027854919433594,17948800,13.0600004196167,-0.2159960580011666
2024-03-25,43.42833709716797,35074400,13.1899995803833,0.9307509716304674
2024-03-26,43.09305953979492,35373800,13.239999771118164,-0.7720248570026622
2024-03-27,43.49353790283203,33960000,12.779999732971191,0.929333789046205
2024-03-28,43.9638557434082,34615200,13.010000228881836,1.0813510770885104
2024-04-01,44.289825439453125,42899000,13.649999618530273,0.7414492894968427
2024-04-02,44.9091682434082,38671200,14.609999656677246,1.3983861932392427
2024-04-03,45.21650695800781,29148800,14.329999923706055,0.684356283184373
2024-04-04,45.18856430053711,36941200,16.350000381469727,-0.06179747032792893
2024-04-05,45.67285919189453,31194600,16.030000686645508,1.0717200222085
2024-04-08,45.38414764404297,34034600,15.1899995803833,-0.632129349814825
2024-04-09,45.39811325073242,35322800,14.979999542236328,0.03077199289713839
2024-04-10,45.53781509399414,39199600,15.800000190734863,0.30772609973932497
2024-04-11,45.50522232055664,39204600,14.90999984741211,-0.07157298471660578
2024-04-12,44.764808654785156,46572400,17.309999465942383,-1.6270960298923942
2024-04-15,44.34571075439453,48690800,19.229999542236328,-0.9362218067826444
2024-04-16,43.95920181274414,36497600,18.399999618530273,-0.8715813436637521
2024-04-17,43.83346939086914,27421000,18.209999084472656,-0.2860207116830549
2024-04-18,43.698421478271484,25555600,18.0,-0.3080931408678045
2024-04-19,44.22463607788086,35451400,18.709999084472656,1.204195899549898
2024-04-22,44.51333999633789,30244400,16.940000534057617,0.6528124232579646
2024-04-23,44.76014709472656,28657400,15.6899995803833,0.5544564807066221
2024-04-24,44.79275131225586,21303800,15.970000267028809,0.07284206966589046
2024-04-25,44.99763870239258,26500200,15.369999885559082,0.4574119341507421
2024-04-26,44.583194732666016,32366600,15.029999732971191,-0.9210349291162379
2024-04-29,44.8858757019043,22236400,14.670000076293945,0.6789126958111513
2024-04-30,43.54941177368164,35399000,15.649999618530273,-2.9774709913166664
2024-05-01,42.855560302734375,50943800,15.390000343322754,-1.5932510743269845
2024-05-02,43.10236358642578,34616800,14.680000305175781,0.5758955942892108
2024-05-03,43.107017517089844,38087800,13.489999771118164,0.010797390854744293
2024-05-06,43.446964263916016,33445600,13.489999771118164,0.7886111505891025
2024-05-07,43.405052185058594,20942200,13.229999542236328,-0.0964672205929773
2024-05-08,43.35383605957031,19811800,13.0,-0.11799576987010507
2024-05-09,43.9359130859375,22489400,12.6899995803833,1.3426194294949623
2024-05-10,43.69377136230469,20568400,12.550000190734863,-0.5511248239206679
2024-05-13,43.57735061645508,20978000,13.600000381469727,-0.2664470065636082
2024-05-14,43.63322448730469,24911600,13.420000076293945,0.12821768661748223
2024-05-15,43.731021881103516,38792200,12.449999809265137,0.22413515147678975
2024-05-16,43.609947204589844,24580200,12.420000076293945,-0.2768622165812862
2024-05-17,44.219970703125,29001600,11.989999771118164,1.3988173287009964
2024-05-20,43.93125534057617,20134600,12.149999618530273,-0.6529071773637041
2024-05-21,43.717044830322266,22467600,11.859999656677246,-0.48760389065425347
2024-05-22,42.87884521484375,34868000,12.289999961853027,-1.9173290846437485
2024-05-23,42.4876823425293,26931400,12.770000457763672,-0.9122514152480998
2024-05-24,42.54822540283203,19041400,11.930000305175781,0.14249555862955177
2024-05-28,42.98594284057617,28904200,12.920000076293945,1.0287560376490035
2024-05-29,42.226905822753906,30053600,14.279999732971191,-1.765779619252128
2024-05-30,42.34798049926758,22731400,14.470000267028809,0.28672400725233693
2024-05-31,43.400386810302734,32503000,12.920000076293945,2.485139311550788
2024-06-03,42.264156341552734,40796600,13.109999656677246,-2.618019221156509
2024-06-04,41.85902404785156,34721400,13.15999984741211,-0.9585718224850992
2024-06-05,41.8543701171875,21040200,12.630000114440918,-0.011118105999663452
2024-06-06,42.0732421875,25506600,12.579999923706055,0.5229371979549091
2024-06-07,41.90559387207031,20089800,12.220000267028809,-0.3984677831163075
2024-06-10,42.222251892089844,22543800,12.739999771118164,0.7556461817155746
2024-06-11,42.138431549072266,18591200,12.850000381469727,-0.1985217255389471
2024-06-12,41.68673324584961,32560600,12.039999961853027,-1.0719390509270177
2024-06-13,41.30488204956055,28495600,11.9399995803833,-0.9160017265854692
2024-06-14,40.9975471496582,25811400,12.65999984741211,-0.7440643445817852
2024-06-17,41.10464859008789,29547800,12.75,0.2612386542022227
2024-06-18,41.276939392089844,29285800,12.300000190734863,0.4191516237496806
2024-06-20,42.03598403930664,34073800,13.279999732971191,1.8389072891442648
2024-06-21,41.79383850097656,39972600,13.199999809265137,-0.5760434633899747
2024-06-24,42.847660064697266,31188200,13.329999923706055,2.5214758957736727
2024-06-25,42.94623565673828,27666600,12.84000015258789,0.23006061916139853
2024-06-26,42.523765563964844,23127400,12.550000190734863,-0.9837185641837554
2024-06-27,42.62234878540039,15631600,12.239999771118164,0.23183088357323633
2024-06-28,42.78663635253906,25670000,12.4399995803833,0.38544935185491624
2024-07-01,42.81010818481445,24563200,12.220000267028809,0.0548578581452297
2024-07-02,42.777244567871094,25226800,12.029999732971191,-0.07676602171030611
2024-07-03,42.96501159667969,16280000,12.09000015258789,0.4389413827500688
2024-07-05,42.29374694824219,23450400,12.479999542236328,-1.5623518381393309
2024-07-08,42.03558349609375,19595000,12.369999885559082,-0.6104057237216853
2024-07-09,41.66475296020508,19086600,12.510000228881836,-0.8821824393686173
2024-07-10,41.94639205932617,19320800,12.850000381469727,0.6759648842514343
2024-07-11,42.38294219970703,22684800,12.920000076293945,1.0407334670486934
2024-07-12,42.490909576416016,18117200,12.460000038146973,0.25474252400941033
2024-07-15,43.13399887084961,30792000,13.119999885559082,1.5134750016990273
2024-07-16,43.32645797729492,24129400,13.1899995803833,0.446188879963505
2024-07-17,43.7583122253418,29435400,14.479999542236328,0.996744871859101
2024-07-18,43.83810806274414,32867600,15.930000305175781,0.18235583902646013
2024-07-19,43.35931396484375,26500200,16.520000457763672,-1.092186955730634
2024-07-22,43.08706283569336,21527600,14.90999984741211,-0.6278953799202958
2024-07-23,42.40171813964844,33103800,14.720000267028809,-1.590604350680369
2024-07-24,42.40641403198242,29328600,18.040000915527344,0.011074768995245066
2024-07-25,43.138694763183594,36437400,18.459999084472656,1.7268159732838795
2024-07-26,43.27482604980469,23730800,16.389999389648438,0.31556654036104526
2024-07-29,42.903987884521484,27156600,16.600000381469727,-0.8569373909357969
2024-07-30,43.570552825927734,25673200,17.690000534057617,1.5536200112687526
2024-07-31,43.75361633300781,36173800,16.360000610351562,0.42015419866590076
2024-08-01,42.594181060791016,42558400,18.59000015258789,-2.6499187253285816
2024-08-02,41.49576187133789,45836200,23.389999389648438,-2.5788010523912774
2024-08-05,40.58041000366211,50039200,38.56999969482422,-2.2058924246623812
2024-08-06,40.82920455932617,31418600,27.709999084472656,0.6130902956416939
2024-08-07,40.99349594116211,26126000,27.850000381469727,0.40238692771301654
2024-08-08,41.8759765625,21596800,23.790000915527344,2.1527332594529547
2024-08-09,41.96986770629883,22345600,20.3700008392334,0.2242124279984159
2024-08-12,42.1764030456543,28785800,20.709999084472656,0.4921038608002748
2024-08-13,41.76802062988281,31386400,18.1200008392334,-0.9682722714154268
2024-08-14,42.01211166381836,21657600,16.190000534057617,0.5843969387453241
2024-08-15,42.51437759399414,18335200,15.229999542236328,1.195526504820621
2024-08-16,42.46744155883789,17753000,14.800000190734863,-0.11040038173552036
2024-08-19,42.7537727355957,21762600,14.649999618530273,0.6742369359856726
2024-08-20,41.627201080322266,33866400,15.880000114440918,-2.635022790247188
2024-08-21,41.69760513305664,22737800,16.270000457763672,0.1691299220395015
2024-08-22,41.80556869506836,19595400,17.549999237060547,0.25892029450422793
2024-08-23,42.42988586425781,20734600,15.859999656677246,1.4933827924773713
2024-08-26,42.81010818481445,19514800,16.149999618530273,0.8961191217272013
2024-08-27,42.411109924316406,16627200,15.430000305175781,-0.9320188091455961
2024-08-28,42.138851165771484,17049000,17.110000610351562,-0.6419515052324076
2024-08-29,42.68806076049805,22498800,15.649999618530273,1.3033330988688085
2024-08-30,42.847660064697266,28085000,15.0,0.3738734000934274
2024-09-03,41.78209686279297,38194200,20.719999313354492,-2.4868643942174806
2024-09-04,41.20472717285156,30114000,21.31999969482422,-1.3818590575705558
2024-09-05,40.88552474975586,24991200,19.899999618530273,-0.7746742788919958
2024-09-06,40.373878479003906,35912000,22.3799991607666,-1.2514117744202524
2024-09-09,40.66490173339844,32824400,19.450000762939453,0.7208206527541616
2024-09-10,39.96548843383789,49326800,19.079999923706055,-1.7199434149526405
2024-09-11,39.59465026855469,48125800,17.690000534057617,-0.9278959918058272
2024-09-12,39.95140075683594,31762000,17.06999969482422,0.9010067922347043
2024-09-13,40.176719665527344,26195400,16.559999465942383,0.5639824997947018
2024-09-16,40.636741638183594,26875000,17.139999389648438,1.1449963473522784
2024-09-17,41.185951232910156,25034600,17.610000610351562,1.351509920791738
2024-09-18,41.265750885009766,28209600,18.229999542236328,0.19375454423362637
2024-09-19,41.758628845214844,37806800,16.329999923706055,1.194399591997053
2024-09-20,41.66475296020508,27961600,16.149999618530273,-0.22480595653111557
2024-09-23,42.17921829223633,26630200,15.890000343322754,1.2347735087320233
2024-09-24,42.07508850097656,34627400,15.390000343322754,-0.24687463513028973
2024-09-25,41.2515754699707,27633600,15.40999984741211,-1.9572461053450785
2024-09-26,40.44225311279297,46896400,15.369999885559082,-1.9619186611839479
2024-09-27,41.265769958496094,30489600,16.959999084472656,2.0362783532518414
2024-09-30,41.554473876953125,22806600,16.729999542236328,0.6996208207126653
2024-10-01,42.50104522705078,66114200,19.260000228881836,2.2779047880633563
2024-10-02,42.936466217041016,41925200,18.899999618530273,1.0244947804556537
2024-10-03,43.6937255859375,44726000,20.489999771118164,1.7636741809831102
2024-10-04,44.10074996948242,35945600,19.209999084472656,0.9315396617859406
2024-10-07,44.25693893432617,32519400,22.639999389648438,0.3541639653562134
2024-10-08,43.102115631103516,39759800,21.420000076293945,-2.609360997461496
2024-10-09,43.36241912841797,31519600,20.860000610351562,0.6039227854667262
2024-10-10,43.655860900878906,26047400,20.93000030517578,0.6767190999928063
2024-10-11,43.92563247680664,26414600,20.459999084472656,0.6179504203118524
2024-10-14,43.90670394897461,22198600,19.700000762939453,-0.04309221464716684
2024-10-15,42.491580963134766,37839200,20.639999389648438,-3.2230225878134733
2024-10-16,42.69509506225586,19877000,19.579999923706055,0.4789515817207768
2024-10-17,42.89860534667969,21433400,19.110000610351562,0.47665963532128597
2024-10-18,42.756614685058594,24015200,18.030000686645508,-0.33099132354913463
2024-10-21,42.62882995605469,21162000,18.3700008392334,-0.29886540350576585
2024-10-22,42.728214263916016,17956400,18.200000762939453,0.23313871847709944
2024-10-23,42.50577163696289,19813200,19.239999771118164,-0.5205989316080073
2024-10-24,42.50104522705078,17046600,19.079999923706055,-0.011119454441332888
2024-10-25,42.48684310913086,19104600,20.329999923706055,-0.03341592622969625
2024-10-28,42.217071533203125,24228000,19.799999237060547,-0.6349532141863401
2024-10-29,41.573402404785156,23791600,19.34000015258789,-1.5246655086242344
2024-10-30,41.668060302734375,19364200,20.350000381469727,0.2276886000995848
2024-10-31,41.928367614746094,31623200,23.15999984741211,0.6247166537642679
2024-11-01,41.663330078125,26304600,21.8799991607666,-0.6321198551213825
2024-11-04,42.392181396484375,25811800,21.979999542236328,1.7493832513931773
2024-11-05,42.67615509033203,20876600,20.489999771118164,0.6698728031749868
2024-11-06,44.28059387207031,50053200,16.270000457763672,3.7595673235842897
2024-11-07,44.07707977294922,26138000,15.199999809265137,-0.4596011058683125
2024-11-08,44.37052917480469,22336800,14.9399995803833,0.665764164429894
2024-11-11,44.621360778808594,20909400,14.970000267028809,0.5653112745527933
2024-11-12,44.38471603393555,18500400,14.710000038146973,-0.5303395968718094
2024-11-13,44.730220794677734,23676200,14.020000457763672,0.7784318378381005
2024-11-14,44.90060043334961,18011000,14.3100004196167,0.380904980223451
2024-11-15,44.834346771240234,28080400,16.139999389648438,-0.1475562942810149
2024-11-18,45.43068313598633,23892600,15.579999923706055,1.330088219616088
2024-11-19,45.14198303222656,23796400,16.350000381469727,-0.6354738336106669
2024-11-20,45.59632873535156,17917600,17.15999984741211,1.0064814893059548
2024-11-21,45.96549606323242,33541000,16.8700008392334,0.8096426579068838
2024-11-22,46.0364875793457,21555600,15.239999771118164,0.1544452299951704
2024-11-25,45.127777099609375,32950600,14.600000381469727,-1.973891857344956
2024-11-26,45.06624984741211,24932800,14.100000381469727,-0.13634009063078212
2024-11-27,45.018917083740234,15595600,14.100000381469727,-0.10502929316758003
2024-11-29,45.21296691894531,13636400,13.510000228881836,0.43104065529635527
2024-12-02,44.73495101928711,22190000,13.34000015258789,-1.0572539964368133
2024-12-03,44.730220794677734,17886600,13.300000190734863,-0.010573890216925008
2024-12-04,43.651126861572266,32518000,13.449999809265137,-2.412449377477399
2024-12-05,43.82150650024414,22662400,13.539999961853027,0.3903212835998149
2024-12-06,43.078453063964844,26206600,12.770000457763672,-1.695636447996507
2024-12-09,43.00746154785156,23627800,14.1899995803833,-0.16479588068742945
2024-12-10,42.714019775390625,23299800,14.180000305175781,-0.6823043302252252
2024-12-11,42.785011291503906,23147600,13.579999923706055,0.166201908615915
2024-12-12,42.439517974853516,21746200,13.920000076293945,-0.8075101682139763
2024-12-13,42.226539611816406,22346000,13.8100004196167,-0.5018397314580869
2024-12-16,41.29890441894531,25036200,14.6899995803833,-2.1968060878270745
2024-12-17,40.99126434326172,32011600,15.869999885559082,-0.744910984956948
2024-12-18,39.77965545654297,39241200,27.6200008392334,-2.9557733974066025
2024-12-19,39.434146881103516,49981400,24.09000015258789,-0.8685559778588425
2024-12-20,39.82224655151367,35704800,18.360000610351562,0.984171590120364
2024-12-23,40.05610656738281,34445400,16.780000686645508,0.5872597257079004
2024-12-24,40.394954681396484,15024200,14.270000457763672,0.8459337240968701
2024-12-26,40.36154556274414,15386400,14.729999542236328,-0.08270616693557553
2024-12-27,40.35677719116211,20369800,15.949999809265137,-0.01181414516105983
2024-12-30,40.35200119018555,23545400,17.399999618530273,-0.01183444593194638
2024-12-31,40.88175964355469,21165000,17.350000381469727,1.3128430752970655
2025-01-02,41.359012603759766,34887000,17.93000030517578,1.1673982831615248
2025-01-03,41.7455940246582,22120800,16.1299991607666,0.9346969295473295
2025-01-06,41.554683685302734,22835200,16.040000915527344,-0.45731853580213144
2025-01-07,41.96990203857422,25035800,17.81999969482422,0.999209514903221
2025-01-08,42.01285171508789,28483800,17.700000762939453,0.10233446929228673
2025-01-10,42.184661865234375,34075800,19.540000915527344,0.4089466511619344
2025-01-13,43.072364807128906,48896200,19.190000534057617,2.104326318249128
2025-01-14,43.53529739379883,31173000,18.709999084472656,1.0747786631703615
2025-01-15,44.17959976196289,34657800,16.1200008392334,1.479953983858251
2025-01-16,44.499359130859375,25230600,16.600000381469727,0.723771538491369
2025-01-17,44.842979431152344,23899600,15.970000267028809,0.772191570854952
2025-01-21,44.61390686035156,49302000,15.0600004196167,-0.510832629113056
2025-01-22,43.80256652832031,35880200,15.100000381469727,-1.8185816690989842
2025-01-23,44.00300979614258,29359200,15.020000457763672,0.4576062174180384
2025-01-24,43.578250885009766,29156800,14.850000381469727,-0.9652951311754365
2025-01-27,43.12486267089844,31993400,17.899999618530273,-1.0404002108934773
2025-01-28,42.714420318603516,37401800,16.40999984741211,-0.9517534129375838
2025-01-29,42.80986785888672,20681800,16.559999465942383,0.22345507575958212
2025-01-30,43.02941131591797,39092600,15.84000015258789,0.5128337647640535
2025-01-31,41.82672119140625,44537400,16.43000030517578,-2.795042013662885
2025-02-03,42.08921813964844,39816400,18.6200008392334,0.6275819398823046
2025-02-04,42.97214126586914,40279800,17.209999084472656,2.0977418095324163
2025-02-05,43.06282043457031,21772000,15.770000457763672,0.21101850182456694
2025-02-06,42.27057647705078,41309600,15.5,-1.8397400577216394
2025-02-07,42.26579666137695,22568400,16.540000915527344,-0.011307666164483976
2025-02-10,43.19645309448242,25871400,15.8100004196167,2.201913856165194
2025-02-11,43.54484558105469,26226800,16.020000457763672,0.8065303088895748
2025-02-12,42.4948844909668,38798800,15.890000343322754,-2.411217851567493
2025-02-13,42.81464385986328,31550400,15.100000381469727,0.752465556094073
2025-02-14,42.98645782470703,25885800,14.770000457763672,0.4012971949646893
2025-02-18,43.573482513427734,29574800,15.350000381469727,1.3656037701792245
2025-02-19,43.91710662841797,24531200,15.270000457763672,0.7886083350908235
2025-02-20,44.3180046081543,28332200,15.65999984741211,0.9128515298794992
2025-02-21,43.39689254760742,31276600,18.209999084472656,-2.0784150114407374
2025-02-24,43.40644073486328,26295200,18.979999542236328,0.022002006815080577
2025-02-25,42.78123474121094,26608600,19.43000030517578,-1.4403530514543905
2025-02-26,42.53783416748047,24305600,19.100000381469727,-0.568942376728554
2025-02-27,42.76691436767578,30048000,21.1299991607666,0.538532825374638
2025-02-28,43.43030548095703,26627200,19.6299991607666,1.5511783421594094
2025-03-03,41.912628173828125,49501800,22.780000686645508,-3.4945121622374176
2025-03-04,41.506961822509766,50677000,23.510000228881836,-0.9678857399156637
2025-03-05,40.900848388671875,56510800,21.93000030517578,-1.4602693312744108
2025-03-06,41.02493667602539,47104200,24.8700008392334,0.3033880524294652
2025-03-07,41.726505279541016,44849200,23.3700008392334,1.7101028310072097
2025-03-10,42.036720275878906,40045400,27.860000610351562,0.7434483052430219
2025-03-11,41.702640533447266,30230200,26.920000076293945,-0.7947331291288662
2025-03-12,41.89353942871094,32240400,24.229999542236328,0.45776212926029736
2025-03-13,41.60718536376953,30742000,24.65999984741211,-0.6835279827064666
2025-03-14,42.83850860595703,32023200,21.770000457763672,2.959400477158214
2025-03-17,43.5209846496582,29761600,20.510000228881836,1.593136796565009
2025-03-18,43.59257125854492,30806600,21.700000762939453,0.16448756723448366
2025-03-19,44.30368423461914,31742600,19.899999618530273,1.6312710068342895
2025-03-20,44.46595001220703,33163600,19.799999237060547,0.36625797694065376
2025-03-21,44.15572738647461,36975600,19.280000686645508,-0.6976633258645282
2025-03-24,44.65884017944336,23824600,17.479999542236328,1.1394055148616022
2025-03-25,44.841609954833984,22292000,17.149999618530273,0.4092577743986192
2025-03-26,45.10614776611328,25564600,18.329999923706055,0.5899382549951815
2025-03-27,44.668460845947266,19147800,18.690000534057617,-0.9703487037632463
2025-03-28,44.45682907104492,22248800,21.649999618530273,-0.47378345009966294
2025-03-31,44.947425842285156,28813800,22.280000686645508,1.1035352306756563
2025-04-01,45.21195983886719,27121200,21.770000457763672,0.5885409267045727
2025-04-02,45.27449035644531,33960600,21.510000228881836,0.13830525772600133
2025-04-03,41.72005844116211,75657800,30.020000457763672,-7.850849092500479
2025-04-04,37.88185501098633,100752000,45.310001373291016,-9.199899457448769
2025-04-07,37.63655471801758,113906800,46.97999954223633,-0.6475403406132285
2025-04-08,36.765987396240234,90538400,52.33000183105469,-2.3130898359317142
2025-04-09,39.61337661743164,118962400,33.619998931884766,7.744628725740643
2025-04-10,37.02571487426758,79046600,40.720001220703125,-6.532292786233674
2025-04-11,37.94437789916992,41916800,37.560001373291016,2.481148650395948
2025-04-14,38.07905197143555,32748200,30.889999389648438,0.3549249710286251
2025-04-15,38.021339416503906,22167000,30.1200008392334,-0.15155985231705138
2025-04-16,38.3339729309082,27331400,32.63999938964844,0.8222580245781375
2025-04-17,39.199737548828125,47908800,29.649999618530273,2.258478711508305
2025-04-21,38.17525100708008,31012000,33.81999969482422,-2.6135035737724577
2025-04-22,39.14682388305664,22097400,30.56999969482422,2.5450333667652147
2025-04-23,39.07468032836914,43216200,28.450000762939453,-0.18428967546132435
2025-04-24,39.699954986572266,21219000,26.469999313354492,1.6002041550911006
2025-04-25,39.6278076171875,17664800,24.84000015258789,-0.18173161508411306
2025-04-28,39.906776428222656,16436800,25.149999618530273,0.7039723563060818
2025-04-29,39.791343688964844,19843400,24.170000076293945,-0.2892559850466325
2025-04-30,38.718753814697266,37814200,24.700000762939453,-2.6955356990496226
2025-05-01,38.8630485534668,36314400,24.600000381469727,0.37267402628737845
2025-05-02,39.43060302734375,32038800,22.68000030517578,1.4603961732341464
2025-05-05,38.718753814697266,29530200,23.639999389648438,-1.8053216486515367
2025-05-06,38.72837448120117,22995400,24.760000228881836,0.024847562372354304
2025-05-07,38.74280548095703,22446200,23.549999237060547,0.03726208483876281
2025-05-08,39.25264358520508,30565800,22.479999542236328,1.3159555636688358
2025-05-09,39.64704513549805,19993200,21.899999618530273,1.0047770398873945
2025-05-12,40.681148529052734,32610000,18.389999389648438,2.608273554865259
2025-05-13,41.253509521484375,29031600,18.219999313354492,1.4069440345886086
2025-05-14,41.00340270996094,21332600,18.6200008392334,-0.606267962228002
2025-05-15,41.17655944824219,29721600,17.829999923706055,0.42229846021824
2025-05-16,41.11402893066406,21725800,17.239999771118164,-0.15185950068684617
2025-05-19,40.58014678955078,24787000,18.139999389648438,-1.2985400725714191
2025-05-20,40.20497512817383,22782200,18.09000015258789,-0.9245202175403588
2025-05-21,39.464271545410156,25698400,20.8700008392334,-1.8423182215691059
2025-05-22,39.31035614013672,23732200,20.280000686645508,-0.3900120266918661
2025-05-23,39.4354133605957,23511000,22.290000915527344,0.318127925407663
2025-05-27,39.77690887451172,19028000,18.959999084472656,0.865961542721494
2025-05-28,39.271881103515625,29552600,19.309999465942383,-1.2696506221470227
2025-05-29,39.56528091430664,23792800,19.18000030517578,0.7470989485266921
2025-05-30,39.21416473388672,31038600,18.56999969482422,-0.8874350751619686
2025-06-02,39.72881317138672,32031000,18.360000610351562,1.312404435979908
2025-06-03,40.200172424316406,30352600,17.690000534057617,1.1864418171675162
2025-06-04,39.416175842285156,44939200,17.610000610351562,-1.9502318889483727
2025-06-05,39.37770080566406,27655000,18.479999542236328,-0.0976123020534625
2025-06-06,40.11840057373047,28556800,16.770000457763672,1.881013245851726
2025-06-09,40.19535827636719,28680400,17.15999984741211,0.19182644755562084
2025-06-10,40.91201400756836,46092200,16.950000762939453,1.7829315670573997
2025-06-11,41.50361633300781,48996600,17.260000228881836,1.4460356934029583
2025-06-12,41.64791488647461,34028200,18.020000457763672,0.3476770609794677
2025-06-13,42.37419128417969,84194800,20.81999969482422,1.7438481606697254
2025-06-16,42.2491340637207,69406600,19.110000610351562,-0.2951259166701137
2025-06-17,42.64353942871094,67884200,21.600000381469727,0.9335229555128555
2025-06-18,42.36457061767578,70473000,20.139999389648438,-0.654187749826729
2025-06-20,42.79745101928711,56744800,20.6200008392334,1.0217981565726397
2025-06-23,41.71517562866211,105688200,19.829999923706055,-2.5288314253511524
2025-06-24,41.172096252441406,65358800,17.479999542236328,-1.3018748405977165
2025-06-25,40.9926872253418,43723000,16.760000228881836,-0.43575392906785027
2025-06-26,41.579402923583984,33565600,16.59000015258789,1.4312691798342936
2025-06-27,41.3612060546875,35411800,16.31999969482422,-0.5247715300229161
2025-06-30,41.12360763549805,26247600,16.729999542236328,-0.5744475121815862
2025-07-01,41.43878936767578,40772800,16.829999923706055,0.766425297535589
2025-07-02,42.151580810546875,42468800,16.639999389648438,1.720106822008427
2025-07-03,42.20006561279297,22266200,16.3799991607666,0.115024872884395
2025-07-07,41.79275894165039,35673000,17.790000915527344,-0.9651801845045105
2025-07-08,42.91770553588867,47472400,16.809999465942383,2.691726085394097
2025-07-09,42.699501037597656,28672400,15.9399995803833,-0.5084253586402632
2025-07-10,43.024383544921875,28823800,15.779999732971191,0.7608578541425048
2025-07-11,43.21833801269531,30171600,16.399999618530273,0.4508012707978182
2025-07-14,42.74314498901367,33441600,17.200000762939453,-1.099517115956783
2025-07-15,42.1273307800293,33859000,17.3799991607666,-1.4407320966734138
2025-07-16,41.7636604309082,35501600,17.15999984741211,-0.8632646369645891
2025-07-17,42.02065658569336,36085600,16.520000457763672,0.6153583094334225
2025-07-18,41.68123245239258,60975600,16.40999984741211,-0.8077554252599262
2025-07-21,41.24967956542969,30434400,16.649999618530273,-1.0353649870017634
2025-07-22,41.44363784790039,32444000,16.5,0.4702055495074742
2025-07-23,42.093387603759766,28046000,15.369999885559082,1.5677913175575542
2025-07-24,42.39402389526367,24022200,15.390000343322754,0.7142126320026865
2025-07-25,42.2340087890625,20143200,14.930000305175781,-0.3774473180382598
2025-07-28,42.71405029296875,23705200,15.029999732971191,1.1366231093614898
2025-07-29,43.13105773925781,24552000,15.979999542236328,0.9762769941714211
2025-07-30,42.51523971557617,26552400,15.479999542236328,-1.4277832632913268
2025-07-31,42.28734588623047,24960800,16.719999313354492,-0.5360285649811614
2025-08-01,41.50182342529297,42329400,20.3799991607666,-1.8575827933274947
2025-08-04,41.40969467163086,26509600,17.520000457763672,-0.22198724310981133
2025-08-05,41.46303176879883,31413600,17.850000381469727,0.12880340604035645
2025-08-06,41.0799674987793,38249400,16.770000457763672,-0.9238694173535844
2025-08-07,40.91995620727539,35042000,16.56999969482422,-0.38951172857831784
2025-08-08,41.181793212890625,40736200,15.149999618530273,0.6398760650889512
2025-08-11,40.85206985473633,28828800,16.25,-0.8006532315136927
2025-08-12,41.050872802734375,34522600,14.729999542236328,0.48664106544651364
2025-08-13,41.526065826416016,25601200,14.489999771118164,1.157571060584095
2025-08-14,41.487274169921875,24944600,14.829999923706055,-0.0934151977129094
2025-08-15,41.487274169921875,27297800,15.09000015258789,0.0
2025-08-18,41.23998260498047,26428400,14.989999771118164,-0.5960660705944698
2025-08-19,41.25453186035156,25693800,15.569999694824219,0.035279489592543456
2025-08-20,41.59880065917969,27967200,15.6899995803833,0.8344993466256945
2025-08-21,41.884883880615234,22088000,16.600000381469727,0.6877198787037964
2025-08-22,42.7382926940918,30936400,14.220000267028809,2.0375102767600906
2025-08-25,42.84981918334961,23412800,14.789999961853027,0.2609521397031189
2025-08-26,42.78193664550781,22855600,14.619999885559082,-0.15841965995546659
2025-08-27,43.2619743347168,26877400,14.850000381469727,1.1220569400272495
2025-08-28,43.591705322265625,24086200,14.430000305175781,0.76217276862518
2025-08-29,43.82930374145508,23745000,15.359999656677246,0.5450541965103861
2025-09-02,43.892337799072266,25964400,17.170000076293945,0.14381715481728286
2025-09-03,42.90800476074219,36018200,16.350000381469727,-2.2426079076400485
2025-09-04,43.194095611572266,25895400,15.300000190734863,0.666754029755845
2025-09-05,42.360084533691406,48182200,15.180000305175781,-1.9308450983226866
