Date,Close,Volume,EMA_20,EMA_50
2019-12-23 00:00:00-05:00,5.94557523727417,355060000,5.94557523727417,5.94557523727417
2019-12-24 00:00:00-05:00,5.940594673156738,138864000,5.945100897834415,5.945379921034271
2019-12-26 00:00:00-05:00,5.9547858238220215,182852000,5.946023271737997,5.945748779967124
2019-12-27 00:00:00-05:00,5.89702844619751,254644000,5.941357097876998,5.943838178642825
2019-12-30 00:00:00-05:00,5.783752918243408,258056000,5.926347176007132,5.937560325293829
2019-12-31 00:00:00-05:00,5.857942581176758,231004000,5.9198324526899535,5.93443806081865
2020-01-02 00:00:00-05:00,5.972711086273193,237536000,5.924868513031214,5.935938963777652
2020-01-03 00:00:00-05:00,5.877111434936523,205384000,5.920320219879339,5.933632001862313
2020-01-06 00:00:00-05:00,5.901758193969727,262636000,5.9185524078879475,5.932382048611624
2020-01-07 00:00:00-05:00,5.973208427429199,314856000,5.923757743082352,5.933983083075058
2020-01-08 00:00:00-05:00,5.984411716461182,277108000,5.929534311975574,5.935960676541181
2020-01-09 00:00:00-05:00,6.050136089324951,255112000,5.941020195532658,5.940438143709172
2020-01-10 00:00:00-05:00,6.082499980926514,316296000,5.954494460808263,5.946009196149068
2020-01-13 00:00:00-05:00,6.273200988769531,319840000,5.984847463471241,5.958840246840066
2020-01-14 00:00:00-05:00,6.156190872192383,359088000,6.0011658833494455,5.966579487049961
2020-01-15 00:00:00-05:00,6.113620281219482,263104000,6.011875826003735,5.972345792703668
2020-01-16 00:00:00-05:00,6.197269439697266,284192000,6.0295323606412135,5.981166327879888
2020-01-17 00:00:00-05:00,6.2059831619262695,253792000,6.046337198858838,5.9899826743130795
2020-01-21 00:00:00-05:00,6.172623634338379,217916000,6.058364478428318,5.997145064902307
2020-01-22 00:00:00-05:00,6.226645469665527,239240000,6.074391239498529,6.006145080775375
2020-01-23 00:00:00-05:00,6.295108795166016,244516000,6.095411959085909,6.017476991143636
2020-01-24 00:00:00-05:00,6.235857963562012,373512000,6.108787769036014,6.026040950846317
2020-01-27 00:00:00-05:00,5.979931831359863,470536000,6.096515774971619,6.024232750082143
2020-01-28 00:00:00-05:00,6.173369884490967,310976000,6.103835213973461,6.030081265156999
2020-01-29 00:00:00-05:00,6.1128740310668945,258848000,6.104696053696645,6.03332804029072
2020-01-30 00:00:00-05:00,6.119594573974609,290504000,6.106114960389784,6.036711041611657
2020-01-31 00:00:00-05:00,5.886074066162109,370420000,6.085158684749054,6.030803709241086
2020-02-03 00:00:00-05:00,5.98316764831543,255564000,6.075445252707756,6.028935628420472
2020-02-04 00:00:00-05:00,6.152456283569336,271544000,6.082779636599335,6.033779575681212
2020-02-05 00:00:00-05:00,6.242828845977783,208220000,6.098022418444902,6.041977586281078
2020-02-06 00:00:00-05:00,6.329714775085449,218284000,6.120088357172573,6.0532613976067395
2020-02-07 00:00:00-05:00,6.263492107391357,189752000,6.13374585719341,6.061505739166921
2020-02-10 00:00:00-05:00,6.546804904937744,529608000,6.173084814121442,6.080537079001071
2020-02-11 00:00:00-05:00,6.669290065765381,638556000,6.22034245713515,6.103625431423201
2020-02-12 00:00:00-05:00,6.785055160522461,374644000,6.274124619362513,6.130348165897682
2020-02-13 00:00:00-05:00,6.741238117218018,528016000,6.3186116191582755,6.154304634576911
2020-02-14 00:00:00-05:00,7.214504718780518,1041924000,6.403934771503251,6.1958811084672485
2020-02-18 00:00:00-05:00,7.383298397064209,620164000,6.4972074977471515,6.242446492333796
2020-02-19 00:00:00-05:00,7.834654331207275,694332000,6.624583386648116,6.304886015426874
2020-02-20 00:00:00-05:00,7.685280799865723,810052000,6.725602187906936,6.359019144228397
2020-02-21 00:00:00-05:00,7.321059226989746,768180000,6.782312382105299,6.39674620629747
2020-02-24 00:00:00-05:00,6.803478717803955,856916000,6.784328223600409,6.412696500866352
2020-02-25 00:00:00-05:00,6.523900508880615,1055496000,6.759525584103286,6.417057442357108
2020-02-26 00:00:00-05:00,6.6633148193359375,747732000,6.750362654125443,6.426714594395493
2020-02-27 00:00:00-05:00,6.2923970222473145,906416000,6.706746879660859,6.421447238624976
2020-02-28 00:00:00-05:00,6.727583885192871,1133252000,6.708731356378193,6.433452597313914
2020-03-02 00:00:00-05:00,6.886016368865967,890744000,6.725615643281791,6.451200196198308
2020-03-03 00:00:00-05:00,6.623457431793213,652792000,6.715886289806688,6.4579553819079125
2020-03-04 00:00:00-05:00,7.087291717529297,597408000,6.751258235304079,6.48263523820679
2020-03-05 00:00:00-05:00,6.807796955108643,540328000,6.756642875285467,6.4953866780852945
2020-03-06 00:00:00-05:00,6.627195835113525,515412000,6.744314585745282,6.500555664635422
2020-03-09 00:00:00-04:00,6.114037036895752,614160000,6.684288152521517,6.485398071390729
2020-03-10 00:00:00-04:00,6.503639221191406,580648000,6.667083492394839,6.486113410598599
2020-03-11 00:00:00-04:00,6.139695644378662,499964000,6.616856078298061,6.472528400158602
2020-03-12 00:00:00-04:00,5.3883957862854,816540000,6.49985986001114,6.430013395692987
2020-03-13 00:00:00-04:00,5.999450206756592,634836000,6.4522017977964214,6.413128564754305
2020-03-16 00:00:00-04:00,4.892426490783691,726972000,6.303651768557113,6.353493189304477
2020-03-17 00:00:00-04:00,5.412308216094971,833632000,6.218761906417861,6.31658397466881
2020-03-18 00:00:00-04:00,5.052351951599121,874268000,6.107675244054172,6.267006248273921
2020-03-19 00:00:00-04:00,5.30519437789917,765512000,6.031248494896553,6.229288135710205
2020-03-20 00:00:00-04:00,5.125339984893799,804636000,5.94497149394391,6.185996051364464
2020-03-23 00:00:00-04:00,5.298218250274658,643876000,5.88337594692779,6.151181235635452
2020-03-24 00:00:00-04:00,6.207202911376953,1101644000,5.914216610208663,6.153378164095903
2020-03-25 00:00:00-04:00,6.118523597717285,793432000,5.933674418542817,6.152011318355565
2020-03-26 00:00:00-04:00,6.40798282623291,696108000,5.978846647846636,6.162049416703696
2020-03-27 00:00:00-04:00,6.29563570022583,638828000,6.0090170337875115,6.167288094488878
2020-03-30 00:00:00-04:00,6.615986347198486,602252000,6.066823635064747,6.1848841043990594
2020-03-31 00:00:00-04:00,6.566413402557373,949960000,6.114403612921188,6.19984603766017
2020-04-01 00:00:00-04:00,6.0550007820129395,656912000,6.108746200453735,6.194165831556357
2020-04-02 00:00:00-04:00,6.363890647888184,675764000,6.133045671637968,6.200821706706625
2020-04-03 00:00:00-04:00,6.075925827026367,663212000,6.127605686436864,6.195923829072106
2020-04-06 00:00:00-04:00,6.685984134674072,727884000,6.180784586268979,6.215141880272183
2020-04-07 00:00:00-04:00,6.452571868896484,784520000,6.20666908937636,6.224452860218235
2020-04-08 00:00:00-04:00,6.649862289428711,542444000,6.248877965571823,6.241135582932372
2020-04-09 00:00:00-04:00,6.5502214431762695,525564000,6.277577344391294,6.2532565970595835
2020-04-13 00:00:00-04:00,6.722105026245117,398408000,6.319913314091658,6.27164280996882
2020-04-14 00:00:00-04:00,7.073342800140381,530948000,6.391668503239155,6.303082025269665
2020-04-15 00:00:00-04:00,6.995870113372803,366148000,6.449211513728074,6.330250185587436
2020-04-16 00:00:00-04:00,7.341131210327148,745620000,6.53415624673751,6.3698925787144836
2020-04-17 00:00:00-04:00,7.281844139099121,539120000,6.605364617438616,6.405655385004077
2020-04-20 00:00:00-04:00,7.150566101074219,449388000,6.657288568261054,6.434867569948004
2020-04-21 00:00:00-04:00,6.7136359214782715,735160000,6.662654982853169,6.445799662164878
2020-04-22 00:00:00-04:00,7.128145217895508,483356000,6.706987386190535,6.472558311409216
2020-04-23 00:00:00-04:00,7.074838161468506,424160000,6.742020793359866,6.4961771290586
2020-04-24 00:00:00-04:00,7.21383810043335,352328000,6.786955774985912,6.524320696563492
2020-04-27 00:00:00-04:00,7.400417804718018,479388000,6.845380730198493,6.558677445902885
2020-04-28 00:00:00-04:00,7.257928848266602,442904000,6.884671027157361,6.586099069524991
2020-04-29 00:00:00-04:00,7.434794902801514,379160000,6.937063777218708,6.619381259065247
2020-04-30 00:00:00-04:00,7.28084659576416,375916000,6.9698049980325605,6.645321076190695
2020-05-01 00:00:00-04:00,7.0441975593566895,342096000,6.9768900038729535,6.660963291216812
2020-05-04 00:00:00-04:00,7.256185054779053,317556000,7.003489532530677,6.68430532116043
2020-05-05 00:00:00-04:00,7.3172173500061035,368896000,7.033368372290242,6.709125400723005
2020-05-06 00:00:00-04:00,7.41810417175293,323464000,7.070009877000974,6.736928489783002
2020-05-07 00:00:00-04:00,7.594470977783203,373732000,7.119958553265948,6.770557606959481
2020-05-08 00:00:00-04:00,7.784538745880127,339216000,7.183251904943489,6.810321573191663
2020-05-11 00:00:00-04:00,8.036632537841797,469060000,7.264526250933804,6.8584121992563745
2020-05-12 00:00:00-04:00,7.774573802947998,493060000,7.313102208268489,6.894340105283497
2020-05-13 00:00:00-04:00,7.752154350280762,625852000,7.354916697983944,6.927979879597116
2020-05-14 00:00:00-04:00,8.001757621765137,602312000,7.416520595486914,6.970088810662529
2020-05-15 00:00:00-04:00,8.460360527038574,987660000,7.515933922301358,7.0285308387557075
2020-05-18 00:00:00-04:00,8.71893310546875,774460000,7.630505273079205,7.094821123724847
2020-05-19 00:00:00-04:00,8.7739839553833,717320000,7.739408004727214,7.1606706465349825
2020-05-20 00:00:00-04:00,8.93789291381836,587536000,7.853549424640657,7.23036563740884
2020-05-21 00:00:00-04:00,8.743842124938965,761068000,7.938339205621448,7.289717656527669
2020-05-22 00:00:00-04:00,8.993945121765137,1038764000,8.038873102397037,7.356550106144825
2020-05-26 00:00:00-04:00,8.686548233032227,770780000,8.100556448171817,7.408706895434527
2020-05-27 00:00:00-04:00,8.494736671447754,1175892000,8.138097421817145,7.451296298415438
2020-05-28 00:00:00-04:00,8.456622123718262,734896000,8.16843310771249,7.490720840584177
2020-05-29 00:00:00-04:00,8.843732833862305,745256000,8.232747367345805,7.543780134438221
2020-06-01 00:00:00-04:00,8.774730682373047,389876000,8.284364825919829,7.59205270494547
2020-06-02 00:00:00-04:00,8.79366397857666,391320000,8.332869507125242,7.639174715676105
2020-06-03 00:00:00-04:00,8.738112449645996,365440000,8.371464073079599,7.682270313086689
2020-06-04 00:00:00-04:00,8.739110946655273,424280000,8.406478061039186,7.723715043814869
2020-06-05 00:00:00-04:00,8.892132759094238,481748000,8.452730889425382,7.769535346374845
2020-06-08 00:00:00-04:00,8.777490615844727,387736000,8.483660387179606,7.809063004001115
2020-06-09 00:00:00-04:00,9.017735481262207,468488000,8.534524681854139,7.856461924678021
2020-06-10 00:00:00-04:00,9.337484359741211,632180000,8.610997032129099,7.914541235856969
2020-06-11 00:00:00-04:00,8.768768310546875,583652000,8.626022868168887,7.948040336825201
2020-06-12 00:00:00-04:00,8.904592514038086,570908000,8.65255331063262,7.985552186911981
2020-06-15 00:00:00-04:00,9.145086288452148,400004000,8.699461213282099,8.031024112462577
2020-06-16 00:00:00-04:00,9.04016399383545,535716000,8.731909097144323,8.07059822545759
2020-06-17 00:00:00-04:00,9.20714282989502,408304000,8.777169452644388,8.115168602102196
2020-06-18 00:00:00-04:00,9.189197540283203,254408000,8.816410222895705,8.157287383991648
2020-06-19 00:00:00-04:00,9.232314109802246,524160000,8.856020116886803,8.19944529480775
2020-06-22 00:00:00-04:00,9.496986389160156,398468000,8.91706452376998,8.250329259292158
2020-06-23 00:00:00-04:00,9.420473098754883,375108000,8.965008197578067,8.296217252996579
2020-06-24 00:00:00-04:00,9.206646919250488,449372000,8.988021409165917,8.3319203771634
2020-06-25 00:00:00-04:00,9.460350036621094,376072000,9.033005087971173,8.376172520671545
2020-06-26 00:00:00-04:00,9.126395225524902,592084000,9.041899386785813,8.405593018901088
2020-06-29 00:00:00-04:00,9.171256065368652,342248000,9.05421907046037,8.435619020723346
2020-06-30 00:00:00-04:00,9.468073844909668,367892000,9.093633810884112,8.47610744520124
2020-07-01 00:00:00-04:00,9.500224113464355,326648000,9.132356696844136,8.516268883172343
2020-07-02 00:00:00-04:00,9.582219123840332,364056000,9.17520073751044,8.558070853394616
2020-07-06 00:00:00-04:00,9.808507919311523,315892000,9.235515707205781,8.607107601077633
2020-07-07 00:00:00-04:00,9.840907096862793,357800000,9.29317203003026,8.655491895029993
2020-07-08 00:00:00-04:00,10.184081077575684,365480000,9.378020510748872,8.715436568855313
2020-07-09 00:00:00-04:00,10.476164817810059,494548000,9.482605682849938,8.78448473548099
2020-07-10 00:00:00-04:00,10.44650936126709,497676000,9.57440603317538,8.849662171786328
2020-07-13 00:00:00-04:00,10.020844459533691,457076000,9.616923978542838,8.895590888952892
2020-07-14 00:00:00-04:00,10.344578742980957,542676000,9.686224432298848,8.952413942052033
2020-07-15 00:00:00-04:00,10.195293426513672,403984000,9.73470719365264,9.001154313991705
2020-07-16 00:00:00-04:00,10.1030855178833,344964000,9.76979084357937,9.04436730237961
2020-07-17 00:00:00-04:00,10.16962718963623,266284000,9.807870495584785,9.088495141095557
2020-07-20 00:00:00-04:00,10.477911949157715,284852000,9.871683967353636,9.142982074745053
2020-07-21 00:00:00-04:00,10.296228408813477,277036000,9.912116771302193,9.18820742117911
2020-07-22 00:00:00-04:00,10.406133651733398,367292000,9.959165998009928,9.235969234142024
2020-07-23 00:00:00-04:00,10.098100662231445,411660000,9.97239787079293,9.269778309753374
2020-07-24 00:00:00-04:00,10.16264820098877,473292000,9.9905169498592,9.304792815292016
2020-07-27 00:00:00-04:00,10.388938903808594,292132000,10.028461897854381,9.34730834817502
2020-07-28 00:00:00-04:00,10.183584213256836,271636000,10.043235451702234,9.380103480139013
2020-07-29 00:00:00-04:00,10.432801246643066,284508000,10.080336955982313,9.421385745492113
2020-07-30 00:00:00-04:00,10.580836296081543,308880000,10.128003559801288,9.466854394534836
2020-07-31 00:00:00-04:00,10.581584930419922,386080000,10.17120178557449,9.510569317510722
2020-08-03 00:00:00-04:00,10.975850105285645,412720000,10.247834958880315,9.56803130918817
2020-08-04 00:00:00-04:00,11.192669868469238,310336000,10.337819235984021,9.631742625238408
2020-08-05 00:00:00-04:00,11.251487731933594,249924000,10.424835283217314,9.695262041187238
2020-08-06 00:00:00-04:00,11.300084114074707,244316000,10.508192314727543,9.758196240124002
2020-08-07 00:00:00-04:00,11.164508819580078,342516000,10.570698648523022,9.81334575304385
2020-08-10 00:00:00-04:00,11.13011646270752,427796000,10.623976535588213,9.864983820089483
2020-08-11 00:00:00-04:00,10.816099166870117,354512000,10.642273929043633,9.902282461139704
2020-08-12 00:00:00-04:00,11.40450668334961,464412000,10.71486752469182,9.961193214951857
2020-08-13 00:00:00-04:00,11.407246589660645,374460000,10.780808388022185,10.017901190430633
2020-08-14 00:00:00-04:00,11.527871131896973,366436000,10.851957220772166,10.077115697939117
2020-08-17 00:00:00-04:00,12.298453330993652,621300000,10.989718755078973,10.164226977666747
2020-08-18 00:00:00-04:00,12.222442626953125,503448000,11.107121028590797,10.244941316854447
2020-08-19 00:00:00-04:00,12.100571632385254,622624000,11.201735371809317,10.317711133149773
2020-08-20 00:00:00-04:00,12.103065490722656,921388000,11.287576335515348,10.38772502952518
2020-08-21 00:00:00-04:00,12.643871307373047,999868000,11.416747285216081,10.476201354146665
2020-08-24 00:00:00-04:00,12.680506706237793,490564000,11.537105325313387,10.562644701287494
2020-08-25 00:00:00-04:00,12.710164070129395,289076000,11.648825205772054,10.646861147124431
2020-08-26 00:00:00-04:00,12.73309326171875,321244000,11.75208883014793,10.728674171226169
2020-08-27 00:00:00-04:00,12.58879280090332,317604000,11.831774922600824,10.801619999840959
2020-08-28 00:00:00-04:00,13.106670379638672,537160000,11.953193537556809,10.892014132382046
2020-08-31 00:00:00-04:00,13.332712173461914,500840000,12.084576264785866,10.987727781051845
2020-09-01 00:00:00-04:00,13.781941413879395,511316000,12.24623008850906,11.09730478626077
2020-09-02 00:00:00-04:00,14.305954933166504,874012000,12.442394359428818,11.223134203786485
2020-09-03 00:00:00-04:00,12.978714942932129,945128000,12.493472510238657,11.291980507282393
2020-09-04 00:00:00-04:00,12.586827278137207,1463684000,12.50236344051471,11.342758812021797
2020-09-08 00:00:00-04:00,11.879332542419434,795728000,12.443027164505637,11.363800919096215
2020-09-09 00:00:00-04:00,12.67906665802002,736200000,12.465507116268912,11.415379967681464
2020-09-10 00:00:00-04:00,12.27695369720459,698684000,12.447549647786595,11.449167172760802
2020-09-11 00:00:00-04:00,12.130121231079102,636928000,12.417318370004928,11.475871253479168
2020-09-14 00:00:00-04:00,12.835870742797852,1201744000,12.45718050074711,11.529204566785783
2020-09-15 00:00:00-04:00,12.954286575317383,727556000,12.504523936420469,11.585090135747807
2020-09-16 00:00:00-04:00,12.479130744934082,556384000,12.502105537231289,11.620150551794328
2020-09-17 00:00:00-04:00,12.428277015686035,792512000,12.495074249465075,11.651841785672435
2020-09-18 00:00:00-04:00,12.154803276062012,698460000,12.462667490093354,11.671565765687713
2020-09-21 00:00:00-04:00,12.481874465942383,721044000,12.4644967258885,11.703342577462406
2020-09-22 00:00:00-04:00,12.602032661437988,646452000,12.477595386417022,11.738585325853606
2020-09-23 00:00:00-04:00,12.089486122131348,647012000,12.440632599342196,11.75234614139391
2020-09-24 00:00:00-04:00,12.313101768493652,731240000,12.428486805928049,11.774336558142918
2020-09-25 00:00:00-04:00,12.83736515045166,588016000,12.467427600644584,11.816023953919732
2020-09-28 00:00:00-04:00,12.998160362243652,573808000,12.517973577939733,11.862382244442239
2020-09-29 00:00:00-04:00,13.188371658325195,621460000,12.58182101416692,11.914381829300394
2020-09-30 00:00:00-04:00,13.492259979248047,689184000,12.668529487031789,11.976259403808145
2020-10-01 00:00:00-04:00,13.57602310180664,525004000,12.75495745034368,12.038995235102204
2020-10-02 00:00:00-04:00,13.025334358215332,552496000,12.780707632045742,12.077675200714484
2020-10-05 00:00:00-04:00,13.603944778442383,479820000,12.859111169797803,12.13752890964499
2020-10-06 00:00:00-04:00,13.697677612304688,784420000,12.938974640512745,12.198711211710076
2020-10-07 00:00:00-04:00,13.924532890319824,418084000,13.032837330970562,12.266390493224185
2020-10-08 00:00:00-04:00,13.799640655517578,378900000,13.105866219022658,12.326517950569023
2020-10-09 00:00:00-04:00,13.723855018615723,346892000,13.164722295174379,12.381315482649287
2020-10-12 00:00:00-04:00,14.185794830322266,434744000,13.261967298521796,12.452079378636462
2020-10-13 00:00:00-04:00,14.207982063293457,344604000,13.352063942785763,12.52093830744654
2020-10-14 00:00:00-04:00,14.055415153503418,276100000,13.419049772377921,12.581113870037006
2020-10-15 00:00:00-04:00,13.930521011352539,267224000,13.467761318946932,12.63403179714742
2020-10-16 00:00:00-04:00,13.772465705871582,242392000,13.496780784368328,12.678676264156211
2020-10-19 00:00:00-04:00,13.459602355957031,298068000,13.49323998166249,12.709300816775851
2020-10-20 00:00:00-04:00,13.606934547424316,229212000,13.50406803554457,12.74450213954638
2020-10-21 00:00:00-04:00,13.486528396606445,219596000,13.50239759374094,12.773601208450698
2020-10-22 00:00:00-04:00,13.323241233825684,290480000,13.485335083272819,12.795155719249717
2020-10-23 00:00:00-04:00,13.551840782165527,233484000,13.491668959357838,12.824829643285632
2020-10-26 00:00:00-04:00,13.104110717773438,336896000,13.454758650635513,12.835781842285154
2020-10-27 00:00:00-04:00,13.35888957977295,250520000,13.445628262934317,12.856295871206244
2020-10-28 00:00:00-04:00,12.591312408447266,376520000,13.364264848221264,12.845904362862756
2020-10-29 00:00:00-04:00,12.987192153930664,320080000,13.32835316305073,12.851445060551693
2020-10-30 00:00:00-04:00,12.498576164245605,416820000,13.249326782212147,12.83760706461812
2020-11-02 00:00:00-05:00,12.545194625854492,299652000,13.182266576844752,12.826139910156803
2020-11-03 00:00:00-05:00,12.982707023620605,272900000,13.16326090510912,12.832279796959305
2020-11-04 00:00:00-05:00,13.755265235900879,410228000,13.21964226994643,12.86847530436878
2020-11-05 00:00:00-05:00,14.119980812072754,319028000,13.305388797767984,12.917553951729719
2020-11-06 00:00:00-05:00,14.520845413208008,383348000,13.421146570667034,12.980428126689652
2020-11-09 00:00:00-05:00,13.592227935791016,582976000,13.437440034012175,13.004420276066178
2020-11-10 00:00:00-05:00,12.733911514282227,644068000,13.370437317847419,12.993812089329552
2020-11-11 00:00:00-05:00,13.380078315734863,404744000,13.371355508122413,13.008959784482702
2020-11-12 00:00:00-05:00,13.418720245361328,365812000,13.3758664354785,13.025028822164217
2020-11-13 00:00:00-05:00,13.259421348571777,346312000,13.364776427201669,13.034220685944906
2020-11-16 00:00:00-05:00,13.47705364227295,413776000,13.375469495303696,13.05158668423228
2020-11-17 00:00:00-05:00,13.384315490722656,312028000,13.376311971057882,13.064634872722099
2020-11-18 00:00:00-05:00,13.390796661376953,510924000,13.377691465373985,13.07742553110072
2020-11-19 00:00:00-05:00,13.402265548706055,565936000,13.380031854262754,13.090164355320537
2020-11-20 00:00:00-05:00,13.050763130187988,341088000,13.348672928160395,13.088619209236908
2020-11-23 00:00:00-05:00,13.102865219116211,361356000,13.325262670156187,13.089177876290998
2020-11-24 00:00:00-05:00,12.921128273010254,346500000,13.286773679951812,13.082587695770185
2020-11-25 00:00:00-05:00,13.197347640991211,259916000,13.278256914336517,13.087088085778852
2020-11-27 00:00:00-05:00,13.223773002624512,167276000,13.273067970363945,13.09244827859633
2020-11-30 00:00:00-05:00,13.363624572753906,286952000,13.281692408686798,13.103082643073098
2020-12-01 00:00:00-05:00,13.35215950012207,296948000,13.288403560252062,13.11285036295737
2020-12-02 00:00:00-05:00,13.506221771240234,283360000,13.309148151774746,13.128276692693953
2020-12-03 00:00:00-05:00,13.362086296081543,199520000,13.314189879803966,13.137445696748369
2020-12-04 00:00:00-05:00,13.523927688598633,202244000,13.334164909212982,13.152601853291516
2020-12-07 00:00:00-05:00,13.572300910949707,223244000,13.356844528426002,13.169060639866348
2020-12-08 00:00:00-05:00,13.316204071044922,271920000,13.352974008675423,13.174830970500803
2020-12-09 00:00:00-05:00,12.898015975952148,401300000,13.309644672225588,13.163975480518504
2020-12-10 00:00:00-05:00,12.939411163330078,207764000,13.274384338045063,13.155169036707193
2020-12-11 00:00:00-05:00,12.980306625366211,209264000,13.246376936837553,13.14831168724284
2020-12-14 00:00:00-05:00,13.275055885314941,270156000,13.24910826526397,13.153282047951551
2020-12-15 00:00:00-05:00,13.326678276062012,193016000,13.256495885339975,13.160081900034315
2020-12-16 00:00:00-05:00,13.208977699279785,223116000,13.251970343810433,13.161999382357667
2020-12-17 00:00:00-05:00,13.307473182678223,231384000,13.257256328464507,13.167704237272199
2020-12-18 00:00:00-05:00,13.238401412963867,342064000,13.255460622226352,13.170476675534617
2020-12-21 00:00:00-05:00,13.298497200012207,302332000,13.259559343920243,13.17549708825923
2020-12-22 00:00:00-05:00,13.244635581970215,185580000,13.258138033258335,13.178208401738091
2020-12-23 00:00:00-05:00,12.976316452026367,179144000,13.231297882664814,13.170291070376848
2020-12-24 00:00:00-05:00,12.960854530334473,97884000,13.205541372919066,13.162077872728128
2020-12-28 00:00:00-05:00,12.867341995239258,212564000,13.173331908378133,13.150519603022682
2020-12-29 00:00:00-05:00,12.910483360290527,170372000,13.14829871332217,13.141106417033185
2020-12-30 00:00:00-05:00,13.112469673156738,225396000,13.144886423782605,13.139983407469403
2020-12-31 00:00:00-05:00,13.021952629089355,192424000,13.133178443335629,13.135354749493715
2021-01-04 00:00:00-05:00,13.080302238464355,560640000,13.12814261430027,13.133195827492564
2021-01-05 00:00:00-05:00,13.370813369750977,322760000,13.151254114819384,13.14251416248309
2021-01-06 00:00:00-05:00,12.582565307617188,580424000,13.097093276038223,13.120555383860898
2021-01-07 00:00:00-05:00,13.310218811035156,461480000,13.117390946037931,13.127993165318713
2021-01-08 00:00:00-05:00,13.243138313293457,292528000,13.129366885776552,13.132508661317724
2021-01-11 00:00:00-05:00,13.587017059326172,518344000,13.172952616590802,13.150332520063154
2021-01-12 00:00:00-05:00,13.450611114501953,291476000,13.199396283058531,13.162108151217618
2021-01-13 00:00:00-05:00,13.497493743896484,210028000,13.22778651742405,13.175260527401104
2021-01-14 00:00:00-05:00,13.166831970214844,283120000,13.221981322451745,13.17492999574674
2021-01-15 00:00:00-05:00,12.826943397521973,277780000,13.184358662934624,13.161283462483025
2021-01-19 00:00:00-05:00,12.992276191711426,226188000,13.1660650942467,13.154655726374335
2021-01-20 00:00:00-05:00,13.331912994384766,258572000,13.181860132355087,13.16160699178651
2021-01-21 00:00:00-05:00,13.832393646240234,337780000,13.243815705106053,13.187912350784694
2021-01-22 00:00:00-05:00,13.677786827087402,246820000,13.285146288151896,13.207123114561272
2021-01-25 00:00:00-05:00,13.618685722351074,251112000,13.316911948551818,13.223262824670677
2021-01-26 00:00:00-05:00,13.401239395141602,163980000,13.324943133941321,13.230242298022478
2021-01-27 00:00:00-05:00,12.885048866271973,371272000,13.283048441782336,13.21670530069893
2021-01-28 00:00:00-05:00,13.017959594726562,228316000,13.257801884919882,13.208911351445112
2021-01-29 00:00:00-05:00,12.956865310668945,271552000,13.229141258800745,13.199027192983301
2021-02-01 00:00:00-05:00,13.203489303588867,217204000,13.226698215447232,13.199202177712932
2021-02-02 00:00:00-05:00,13.522431373596191,220440000,13.254863278128086,13.211877832453453
2021-02-03 00:00:00-05:00,13.496246337890625,245408000,13.277852140962613,13.22302953854903
2021-02-04 00:00:00-05:00,13.629660606384277,201340000,13.31135770909801,13.238975854934726
2021-02-05 00:00:00-05:00,13.556591033935547,169152000,13.334713263844442,13.251431352150444
2021-02-08 00:00:00-05:00,14.402198791503906,434624000,13.436378552192963,13.29655948702705
2021-02-09 00:00:00-05:00,14.227142333984375,287560000,13.51168938855405,13.333052932005769
2021-02-10 00:00:00-05:00,14.726876258850098,485352000,13.627421471439387,13.38771267031339
2021-02-11 00:00:00-05:00,15.212142944335938,450828000,13.778347326000963,13.459258955569176
2021-02-12 00:00:00-05:00,14.92337417602539,374756000,13.887397502193766,13.516675238724321
2021-02-16 00:00:00-05:00,15.2914400100708,321960000,14.021115836277293,13.586273857208498
2021-02-17 00:00:00-05:00,14.868264198303223,274756000,14.101796632660715,13.636547988231822
2021-02-18 00:00:00-05:00,14.791460037231445,233868000,14.167478861667451,13.681838656820043
2021-02-19 00:00:00-05:00,14.888713836669922,271724000,14.236167906905782,13.72916709524553
2021-02-22 00:00:00-05:00,14.319406509399414,325884000,14.244095392857556,13.752313738937838
2021-02-23 00:00:00-05:00,14.106199264526367,391780000,14.230962428254585,13.766191602686408
2021-02-24 00:00:00-05:00,14.462295532226562,448320000,14.252994152442392,13.793489796001708
2021-02-25 00:00:00-05:00,13.273812294006348,824436000,14.159738737353246,13.773110286119538
2021-02-26 00:00:00-05:00,13.679780960083008,500932000,14.114028472851318,13.769450312549479
2021-03-01 00:00:00-05:00,13.806707382202148,353184000,14.084759797551397,13.770911374104486
2021-03-02 00:00:00-05:00,13.37231159210205,264116000,14.016907587508603,13.755280010104391
2021-03-03 00:00:00-05:00,12.772334098815918,377592000,13.898376779061682,13.71673311162249
2021-03-04 00:00:00-05:00,12.338932991027832,573344000,13.749858323058458,13.66270173434427
2021-03-05 00:00:00-05:00,12.429954528808594,542840000,13.624153199796567,13.614358706676203
2021-03-08 00:00:00-05:00,11.563899993896484,543112000,13.427938608758463,13.533948561076999
2021-03-09 00:00:00-05:00,12.492865562438965,521824000,13.33888403291851,13.493121776816684
2021-03-10 00:00:00-05:00,12.440979957580566,384376000,13.253369359076801,13.45186131331723
2021-03-11 00:00:00-05:00,12.965080261230469,299916000,13.225913254520007,13.432771860294219
2021-03-12 00:00:00-05:00,12.827881813049316,243964000,13.188005498189465,13.40905068197089
2021-03-15 00:00:00-04:00,13.162395477294922,221988000,13.185566448580461,13.399377928846341
2021-03-16 00:00:00-04:00,13.262178421020508,272128000,13.192862826908085,13.393997555990428
2021-03-17 00:00:00-04:00,13.3120698928833,243864000,13.204215880810487,13.390784706456815
2021-03-18 00:00:00-04:00,12.694672584533691,293896000,13.155687947831744,13.363486191871594
2021-03-19 00:00:00-04:00,12.81765365600586,299208000,13.123494205753088,13.342080994386663
2021-03-22 00:00:00-04:00,13.157407760620117,297804000,13.126724068121376,13.334838906787976
2021-03-23 00:00:00-04:00,13.04216194152832,222048000,13.11867053225537,13.323361378738579
2021-03-24 00:00:00-04:00,12.615346908569336,245840000,13.070734949047177,13.295596105398609
2021-03-25 00:00:00-04:00,12.507832527160645,295144000,13.017125194581793,13.264703416055944
2021-03-26 00:00:00-04:00,12.81116771697998,363968000,12.997510196714954,13.24691770236669
2021-03-29 00:00:00-04:00,12.919929504394531,273520000,12.990121559351104,13.234094635779547
2021-03-30 00:00:00-04:00,12.843595504760742,200204000,12.976166697009166,13.218780944367046
2021-03-31 00:00:00-04:00,13.31905460357666,314776000,13.008822688110833,13.222713244728208
2021-04-01 00:00:00-04:00,13.781538963317871,308276000,13.082414714321027,13.244627978790549
2021-04-05 00:00:00-04:00,13.956905364990234,255672000,13.165699538194286,13.272560425308184
2021-04-06 00:00:00-04:00,13.831181526184082,191744000,13.229078775145695,13.294467135146455
2021-04-07 00:00:00-04:00,14.112565994262695,251284000,13.313220415061599,13.326549443347092
2021-04-08 00:00:00-04:00,14.285684585571289,244416000,13.405836050348237,13.364162586179415
2021-04-09 00:00:00-04:00,14.368502616882324,195172000,13.49751858049434,13.403548469736393
2021-04-12 00:00:00-04:00,15.175734519958496,869324000,13.657348669967117,13.473045961901965
2021-04-13 00:00:00-04:00,15.645204544067383,676212000,13.846668277024285,13.558228651398649
2021-04-14 00:00:00-04:00,15.243586540222168,385500000,13.97970811161456,13.624321117627023
2021-04-15 00:00:00-04:00,16.101953506469727,598480000,14.181826720648385,13.721483172091443
2021-04-16 00:00:00-04:00,15.877695083618164,335208000,14.343337993312174,13.806040501955236
2021-04-19 00:00:00-04:00,15.32815170288086,404420000,14.437129775175858,13.865731137285653
2021-04-20 00:00:00-04:00,15.138066291809082,334132000,14.503885633902833,13.915626633541475
2021-04-21 00:00:00-04:00,15.326905250549316,216776000,14.58226845453583,13.970970893031978
2021-04-22 00:00:00-04:00,14.817769050598145,277788000,14.60469708273224,14.004178663916926
2021-04-23 00:00:00-04:00,15.231861114501953,227500000,14.664426990519832,14.052323073743791
2021-04-26 00:00:00-04:00,15.444145202636719,197796000,14.738685867864298,14.106904333700378
2021-04-27 00:00:00-04:00,15.348105430603027,164572000,14.796725826220367,14.15557888652009
2021-04-28 00:00:00-04:00,15.243335723876953,209416000,14.83926010218766,14.19823601739683
2021-04-29 00:00:00-04:00,15.291231155395508,173196000,14.882304964397932,14.241098571828152
2021-04-30 00:00:00-04:00,14.976669311523438,201912000,14.89129204507655,14.269944483188752
2021-05-03 00:00:00-04:00,14.804296493530273,203912000,14.883006754453096,14.29089946398646
2021-05-04 00:00:00-04:00,14.319859504699707,405324000,14.829373683048011,14.292035151857567
2021-05-05 00:00:00-04:00,14.426876068115234,292024000,14.791040576863937,14.297323030926496
2021-05-06 00:00:00-04:00,14.491231918334961,193380000,14.76248737128975,14.304927301020946
2021-05-07 00:00:00-04:00,14.779850959777832,229328000,14.764141046383852,14.323551758227099
2021-05-10 00:00:00-04:00,14.234545707702637,268904000,14.713703395080879,14.3200613248732
2021-05-11 00:00:00-04:00,14.274956703186035,285584000,14.671917995852798,14.318292516179586
2021-05-12 00:00:00-04:00,13.72840690612793,303408000,14.582059796831382,14.295159747157953
2021-05-13 00:00:00-04:00,13.635359764099121,285404000,14.491897888952119,14.26928523801839
2021-05-14 00:00:00-04:00,14.211846351623535,258616000,14.465226313968444,14.267032732669573
2021-05-17 00:00:00-04:00,14.134515762329102,216980000,14.433730070955173,14.261835988734653
2021-05-18 00:00:00-04:00,13.98509407043457,186256000,14.391002832810354,14.250983364487592
2021-05-19 00:00:00-04:00,14.034985542297363,344000000,14.35709642419007,14.242512861656603
2021-05-20 00:00:00-04:00,14.580540657043457,321592000,14.378376827318965,14.255768853632558
2021-05-21 00:00:00-04:00,14.958959579467773,672992000,14.433670422761708,14.283344960528057
2021-05-24 00:00:00-04:00,15.577852249145508,554816000,14.542640120512546,14.334109952238546
2021-05-25 00:00:00-04:00,15.613524436950684,435408000,14.644629103030464,14.38428306928608
2021-05-26 00:00:00-04:00,15.66565990447998,370440000,14.741870131739942,14.43453314125447
2021-05-27 00:00:00-04:00,15.454123497009277,581476000,14.809703785575117,14.474517076774266
2021-05-28 00:00:00-04:00,16.208969116210938,644536000,14.942967150397577,14.542534803810998
2021-06-01 00:00:00-04:00,16.228925704956055,472804000,15.06543939368886,14.60866778032649
2021-06-02 00:00:00-04:00,16.741552352905273,594168000,15.22506919932852,14.692310312584482
2021-06-03 00:00:00-04:00,16.932632446289062,580008000,15.38769427046762,14.78016608253368
2021-06-04 00:00:00-04:00,17.539796829223633,617120000,15.592656418920573,14.888386896129365
2021-06-07 00:00:00-04:00,17.580463409423828,575756000,15.781971370397073,14.993958524101698
2021-06-08 00:00:00-04:00,17.418821334838867,323848000,15.937861843201054,15.089051183346294
2021-06-09 00:00:00-04:00,17.324247360229492,381656000,16.069898559108523,15.17670593538093
2021-06-10 00:00:00-04:00,17.390869140625,287772000,16.19570528115771,15.263535864998346
2021-06-11 00:00:00-04:00,17.79033851623535,416308000,16.347575113069865,15.362626165046857
2021-06-14 00:00:00-04:00,17.983455657958984,321376000,16.503373260202164,15.465403792219881
2021-06-15 00:00:00-04:00,17.753664016723633,243032000,16.622448570347064,15.55513948729846
2021-06-16 00:00:00-04:00,17.775367736816406,307124000,16.732250395725096,15.64220726178936
2021-06-17 00:00:00-04:00,18.62070655822754,809656000,16.91210336358247,15.759011155767329
2021-06-18 00:00:00-04:00,18.60224723815918,968856000,17.07306944687549,15.870510609978774
2021-06-21 00:00:00-04:00,18.39116096496582,672384000,17.198601972407904,15.969359643507678
2021-06-22 00:00:00-04:00,18.849760055541992,580144000,17.35585512318258,16.082316522410984
2021-06-23 00:00:00-04:00,19.01992416381836,332356000,17.514337888957414,16.197516822074018
2021-06-24 00:00:00-04:00,19.167884826660156,320924000,17.671818549691007,16.31400184186171
2021-06-25 00:00:00-04:00,18.993724822998047,278364000,17.79771438524406,16.419089017592547
2021-06-28 00:00:00-04:00,19.94585609436035,495436000,18.002299309921803,16.557393608838343
2021-06-29 00:00:00-04:00,19.987529754638672,367632000,18.191368876085313,16.691908751810907
2021-06-30 00:00:00-04:00,19.96332550048828,326568000,18.360126649837976,16.820199604700218
2021-07-01 00:00:00-04:00,20.17241096496582,480136000,18.532725156040627,16.951658873730242
2021-07-02 00:00:00-04:00,20.446874618530273,342764000,18.715025104849165,17.088726157840046
2021-07-06 00:00:00-04:00,20.657960891723633,446708000,18.90006660836102,17.228696147404108
2021-07-07 00:00:00-04:00,20.331850051879883,418428000,19.0364269363152,17.350388457383552
2021-07-08 00:00:00-04:00,19.863767623901367,503300000,19.11522128751388,17.448952346266605
2021-07-09 00:00:00-04:00,20.010982513427734,296624000,19.200531880458055,17.549424117527828
2021-07-12 00:00:00-04:00,20.472326278686523,321984000,19.321655156479814,17.664047731690914
2021-07-13 00:00:00-04:00,20.210338592529297,290708000,19.406291674198812,17.763902275253205
2021-07-14 00:00:00-04:00,19.80263900756836,380100000,19.444039039281627,17.843852735343997
2021-07-15 00:00:00-04:00,18.929100036621094,550564000,19.394997229504433,17.886411453041138
2021-07-16 00:00:00-04:00,18.125431060791016,688224000,19.27408616581744,17.895784770992115
2021-07-19 00:00:00-04:00,18.74296760559082,749060000,19.223503445795856,17.92900762725089
2021-07-20 00:00:00-04:00,18.57554817199707,434687000,19.161793419719782,17.954362158417407
2021-07-21 00:00:00-04:00,19.371984481811523,371017000,19.18181161610947,18.009955190707373
2021-07-22 00:00:00-04:00,19.555620193481445,323826000,19.21741243300204,18.070569504541652
2021-07-23 00:00:00-04:00,19.519699096679688,195672000,19.246201639066577,18.127398115998044
2021-07-26 00:00:00-04:00,19.256210327148438,203943000,19.247154847455324,18.171665261533356
2021-07-27 00:00:00-04:00,19.170381546020508,248863000,19.23984310446153,18.21083060602305
2021-07-28 00:00:00-04:00,19.464801788330078,202191000,19.26126774102044,18.26000594650568
2021-07-29 00:00:00-04:00,19.623489379882812,190781000,19.295765039959715,18.31347588506949
2021-07-30 00:00:00-04:00,19.460811614990234,183497000,19.311483761391194,18.358469443105598
2021-08-02 00:00:00-04:00,19.711313247680664,217444000,19.34956276008543,18.411522141324227
2021-08-03 00:00:00-04:00,19.77619171142578,301811000,19.39019408878451,18.4650385950537
2021-08-04 00:00:00-04:00,20.23429298400879,231309000,19.470584459758253,18.53442112011076
2021-08-05 00:00:00-04:00,20.596576690673828,211435000,19.577821815083546,18.615289966015194
2021-08-06 00:00:00-04:00,20.326108932495117,178497000,19.649087254837028,18.682380905877153
2021-08-09 00:00:00-04:00,20.255250930786133,146443000,19.706817128736944,18.744062083324565
2021-08-10 00:00:00-04:00,19.896955490112305,179238000,19.724925544106025,18.789273589473105
2021-08-11 00:00:00-04:00,19.660417556762695,185925000,19.7187819262638,18.823436097994264
2021-08-12 00:00:00-04:00,19.866016387939453,151652000,19.732804255947197,18.864321599560743
2021-08-13 00:00:00-04:00,20.148462295532227,183063000,19.772390735907678,18.914680058226292
2021-08-16 00:00:00-04:00,19.910930633544922,210876000,19.78558501187313,18.953748708238788
2021-08-17 00:00:00-04:00,19.419889450073242,204585000,19.750756863130285,18.972028737330337
2021-08-18 00:00:00-04:00,19.002708435058594,285913000,19.679514155694886,18.973231862731446
2021-08-19 00:00:00-04:00,19.75922203063965,766555000,19.6871053818801,19.004055006570983
2021-08-20 00:00:00-04:00,20.77522850036621,675741000,19.790736155069254,19.073512790641384
2021-08-23 00:00:00-04:00,21.914989471435547,575807000,19.993045994723186,19.184943248711743
2021-08-24 00:00:00-04:00,21.750316619873047,297299000,20.160405101880315,19.285546126012186
2021-08-25 00:00:00-04:00,22.169498443603516,347701000,20.35174732490157,19.398642295329495
2021-08-26 00:00:00-04:00,22.024776458740234,237940000,20.511083432886206,19.501627948796582
2021-08-27 00:00:00-04:00,22.59166717529297,304722000,20.709234265496374,19.622805957678793
2021-08-30 00:00:00-04:00,22.6435604095459,262580000,20.8934558030249,19.741266916575544
2021-08-31 00:00:00-04:00,22.3450984954834,259850000,21.031707488020945,19.843377958885657
2021-09-01 00:00:00-04:00,22.400997161865234,201767000,21.162116028387068,19.943676751159366
2021-09-02 00:00:00-04:00,22.3560733795166,187834000,21.275826252304167,20.038280540506708
2021-09-03 00:00:00-04:00,22.802278518676758,280532000,21.421202658625365,20.146672618082004
2021-09-07 00:00:00-04:00,22.62160301208496,198107000,21.535526501811994,20.243728711964472
2021-09-08 00:00:00-04:00,22.29918098449707,254434000,21.608255500162954,20.32433468343634
2021-09-09 00:00:00-04:00,22.137468338012695,196856000,21.658656722815312,20.395437964007964
2021-09-10 00:00:00-04:00,22.43793296813965,248376000,21.732873508084296,20.475535807307246
2021-09-13 00:00:00-04:00,22.112512588500977,297500000,21.76902961098112,20.539730975197198
2021-09-14 00:00:00-04:00,22.202350616455078,199755000,21.810298278169117,20.604931745442606
2021-09-15 00:00:00-04:00,22.30117416381836,166538000,21.857048362516664,20.671451055967147
2021-09-16 00:00:00-04:00,22.202350616455078,156033000,21.88993429146318,20.731486332849027
2021-09-17 00:00:00-04:00,21.860960006713867,294503000,21.88717483577277,20.77577941809863
2021-09-20 00:00:00-04:00,21.07536506652832,349440000,21.80985961965425,20.787527874899794
2021-09-21 00:00:00-04:00,21.2081298828125,204688000,21.75255202566932,20.80402207128853
2021-09-22 00:00:00-04:00,21.901891708374023,268726000,21.766774852593578,20.847075782546785
2021-09-23 00:00:00-04:00,22.44192123413086,248555000,21.83107450797808,20.909618741432435
2021-09-24 00:00:00-04:00,22.041637420654297,217655000,21.85112811870915,20.954011630813685
2021-09-27 00:00:00-04:00,21.621387481689453,245215000,21.829248058040605,20.980183232808812
2021-09-28 00:00:00-04:00,20.66210174560547,343069000,21.718091266380117,20.967709448996917
2021-09-29 00:00:00-04:00,20.480424880981445,218394000,21.60021827729453,20.948600250251214
2021-09-30 00:00:00-04:00,20.679073333740234,221009000,21.512490187432217,20.938030567250784
2021-10-01 00:00:00-04:00,20.705026626586914,240978000,21.43558889592314,20.928893157812986
2021-10-04 00:00:00-04:00,19.69682502746582,345635000,21.26999233702244,20.88057676054447
2021-10-05 00:00:00-04:00,20.414541244506836,279282000,21.188520804401907,20.86230085795476
2021-10-06 00:00:00-04:00,20.663101196289062,297202000,21.138480841724494,20.85448910651689
2021-10-07 00:00:00-04:00,21.037431716918945,256919000,21.128857115552538,20.861663326532657
2021-10-08 00:00:00-04:00,20.793867111206055,151258000,21.09695330561478,20.85900465142181
2021-10-11 00:00:00-04:00,20.658111572265625,163388000,21.05515885481962,20.851126491454902
2021-10-12 00:00:00-04:00,20.634153366088867,162134000,21.01506309398812,20.84261774144055
2021-10-13 00:00:00-04:00,20.901670455932617,180652000,21.004263795125688,20.84493353416573
2021-10-14 00:00:00-04:00,21.707233428955078,243589000,21.07121328406182,20.878749216314333
2021-10-15 00:00:00-04:00,21.823026657104492,226994000,21.142814557684932,20.915779704188456
2021-10-18 00:00:00-04:00,22.182388305664062,189494000,21.24182158130199,20.96545062973652
2021-10-19 00:00:00-04:00,22.250267028808594,161473000,21.33786400487405,21.015835586562876
2021-10-20 00:00:00-04:00,22.063600540161133,146276000,21.406981770139485,21.05692440827261
2021-10-21 00:00:00-04:00,22.651552200317383,187590000,21.525512287299286,21.119458831490054
2021-10-22 00:00:00-04:00,22.685487747192383,249384000,21.63598614062244,21.180871730145046
2021-10-25 00:00:00-04:00,23.124704360961914,230235000,21.777768828273818,21.257100460765315
2021-10-26 00:00:00-04:00,24.672937393188477,485898000,22.0534991677895,21.391054850272106
2021-10-27 00:00:00-04:00,24.40741539001465,245990000,22.277681665144275,21.50934349888946
2021-10-28 00:00:00-04:00,24.896541595458984,234204000,22.527096896602817,21.642174796794148
2021-10-29 00:00:00-04:00,25.52142333984375,292503000,22.812270843578144,21.794302190639232
2021-11-01 00:00:00-04:00,25.78095817565918,265740000,23.095002970443005,21.95064164103217
2021-11-02 00:00:00-04:00,26.353939056396484,294112000,23.40537783577191,22.123319971046456
2021-11-03 00:00:00-04:00,26.550586700439453,239910000,23.70492153716882,22.296938274159906
2021-11-04 00:00:00-04:00,29.747879028320312,1153631000,24.280441298230865,22.58913202922502
2021-11-05 00:00:00-04:00,29.698965072631836,851260000,24.796491181507147,22.867949011319407
2021-11-08 00:00:00-05:00,30.74909210205078,503101000,25.363405554892253,23.17701344625005
2021-11-09 00:00:00-05:00,30.602352142333984,646746000,25.86235284893432,23.468203199037657
2021-11-10 00:00:00-05:00,29.40648651123047,636206000,26.19988938820062,23.701077054417766
2021-11-11 00:00:00-05:00,30.335826873779297,332172000,26.59378819635097,23.96126332184371
2021-11-12 00:00:00-05:00,30.335826873779297,413054000,26.950172832296527,24.21124620623334
2021-11-15 00:00:00-05:00,29.971481323242188,384909000,27.237916498100876,24.437137779449376
2021-11-16 00:00:00-05:00,30.149160385131836,264484000,27.51517782067525,24.661138665946726
2021-11-17 00:00:00-05:00,29.20884132385254,428508000,27.676479106692135,24.839479946648915
2021-11-18 00:00:00-05:00,31.618532180786133,781711000,28.051912732796325,25.105325132301356
2021-11-19 00:00:00-05:00,32.92619705200195,533867000,28.516130287006384,25.41202599189746
2021-11-22 00:00:00-05:00,31.89903450012207,754335000,28.838311640636448,25.66641848241607
2021-11-23 00:00:00-05:00,31.689409255981445,532163000,29.109844746859782,25.902614199026477
2021-11-24 00:00:00-05:00,32.615753173828125,435162000,29.443740787523435,26.165874550979485
2021-11-26 00:00:00-05:00,31.44684410095215,283069000,29.634512531659503,26.37297139607645
2021-11-29 00:00:00-05:00,33.316505432128906,454964000,29.985178522180398,26.645266848470666
2021-11-30 00:00:00-05:00,32.61774826049805,622066000,30.23589944963922,26.879481805805074
2021-12-01 00:00:00-05:00,31.382808685302734,484368000,30.345128900654792,27.05608285990302
2021-12-02 00:00:00-05:00,32.07265853881836,472890000,30.509655532860847,27.252811317899702
2021-12-03 00:00:00-05:00,30.642038345336914,544325000,30.52226341976333,27.38572218172077
2021-12-06 00:00:00-05:00,29.98712921142578,658938000,30.471298257064515,27.487738143669986
2021-12-07 00:00:00-05:00,32.37314987182617,593053000,30.65242698227991,27.67932291732317
2021-12-08 00:00:00-05:00,31.77315902709961,475551000,30.759163367500832,27.839865509863422
2021-12-09 00:00:00-05:00,30.43937110900879,488507000,30.72870696193016,27.94180690590834
2021-12-10 00:00:00-05:00,30.147863388061523,488825000,30.673388526323624,28.028318924816308
2021-12-13 00:00:00-05:00,28.114240646362305,598344000,30.429660156803497,28.031688404092623
2021-12-14 00:00:00-05:00,28.289949417114258,667035000,30.225878181594997,28.041816286956216
2021-12-15 00:00:00-05:00,30.408428192138672,698297000,30.24326389688487,28.134624596963373
2021-12-16 00:00:00-05:00,28.33986473083496,707366000,30.061987785832496,28.142673229664222
2021-12-17 00:00:00-05:00,27.754840850830078,713758000,29.842259506308455,28.127464116768767
2021-12-20 00:00:00-05:00,27.672975540161133,461847000,29.635661033342043,28.109641035333173
2021-12-21 00:00:00-05:00,29.026723861694336,524385000,29.577667016994642,28.145605067739492
2021-12-22 00:00:00-05:00,29.35118293762207,395184000,29.556097104673444,28.1928826312643
2021-12-23 00:00:00-05:00,29.59078598022461,343022000,29.55940080710689,28.247702370439214
2021-12-27 00:00:00-05:00,30.89362144470215,403686000,29.68646943925882,28.35146390276325
2021-12-28 00:00:00-05:00,30.27165412902832,420591000,29.74220131447496,28.426765480263843
2021-12-29 00:00:00-05:00,29.95118522644043,343139000,29.76210454418596,28.48654664678057
2021-12-30 00:00:00-05:00,29.536876678466797,308864000,29.740654271260325,28.527736059787873
2021-12-31 00:00:00-05:00,29.36216926574707,266530000,29.704608080259064,28.560458930609805
2022-01-03 00:00:00-05:00,30.070985794067383,391547000,29.739501195859855,28.619695278196378
2022-01-04 00:00:00-05:00,29.241369247436523,527154000,29.692060057914777,28.644074649539128
2022-01-05 00:00:00-05:00,27.55816650390625,498064000,29.488832100390155,28.601490016377056
2022-01-06 00:00:00-05:00,28.131216049194336,454186000,29.3595353336096,28.58304790001695
2022-01-07 00:00:00-05:00,27.20176124572754,409939000,29.154033039525594,28.52887979592717
2022-01-10 00:00:00-05:00,27.354507446289062,594681000,28.982649649693542,28.482825978294304
2022-01-11 00:00:00-05:00,27.770811080932617,404089000,28.867236452668692,28.454903825456594
2022-01-12 00:00:00-05:00,27.952510833740234,383413000,28.78011972705646,28.435202139506934
2022-01-13 00:00:00-05:00,26.53087615966797,540171000,28.56590605397184,28.360522689317172
2022-01-14 00:00:00-05:00,26.897266387939453,395832000,28.406987990540184,28.303140089263145
2022-01-18 00:00:00-05:00,25.859994888305664,424270000,28.1644172188988,28.207330473539322
2022-01-19 00:00:00-05:00,25.025381088256836,488315000,27.8654613969329,28.082548144704717
2022-01-20 00:00:00-05:00,24.10990333557129,435181000,27.50778920061275,27.92675815218968
2022-01-21 00:00:00-05:00,23.335189819335938,718958000,27.11039878334829,27.746696648940514
2022-01-24 00:00:00-05:00,23.33319091796875,913982000,26.750664700931193,27.573617992823976
2022-01-25 00:00:00-05:00,22.28693389892578,664616000,26.32554748169258,27.366297047965226
2022-01-26 00:00:00-05:00,22.734188079833984,755959000,25.983513252944142,27.184645715881647
2022-01-27 00:00:00-05:00,21.907567977905273,573353000,25.595327988654727,26.977701490862966
2022-01-28 00:00:00-05:00,22.80207633972168,543774000,25.329304022089676,26.813951484935856
2022-01-31 00:00:00-05:00,24.445348739624023,564680000,25.245117804711995,26.721065102766765
2022-02-01 00:00:00-05:00,24.597091674804688,518925000,25.18340103043511,26.63777202716041
2022-02-02 00:00:00-05:00,25.200090408325195,543419000,25.18499049499607,26.58139235583354
2022-02-03 00:00:00-05:00,23.908239364624023,410178000,25.063395149246354,26.4765628267665
2022-02-04 00:00:00-05:00,24.278621673583984,354829000,24.98865481823089,26.390369056053462
2022-02-07 00:00:00-05:00,24.686941146850586,376868000,24.95992018286134,26.32356796157492
2022-02-08 00:00:00-05:00,25.06631088256836,410359000,24.970052630452482,26.274263762398192
2022-02-09 00:00:00-05:00,26.660659790039062,524282000,25.131062836127395,26.289416547795874
2022-02-10 00:00:00-05:00,25.781118392944336,513200000,25.19297288915758,26.269483286821306
2022-02-11 00:00:00-05:00,23.909238815307617,605472000,25.07071250117187,26.17692468009528
2022-02-14 00:00:00-05:00,24.22670555114746,440424000,24.99033088688383,26.100445498567915
2022-02-15 00:00:00-05:00,26.451011657714844,699869000,25.129443341248688,26.11419319108348
2022-02-16 00:00:00-05:00,26.466981887817383,732676000,25.25682796473142,26.128028041935792
2022-02-17 00:00:00-05:00,24.466310501098633,810595000,25.181540587242583,26.06286264817747
2022-02-18 00:00:00-05:00,23.602745056152344,761255000,25.03117910809113,25.966387448490213
2022-02-22 00:00:00-05:00,23.35116195678711,633422000,24.871177474633605,25.863829586070484
2022-02-23 00:00:00-05:00,22.349830627441406,566511000,24.631049203472443,25.726025705339932
2022-02-24 00:00:00-05:00,23.708566665649414,735801000,24.543193723679774,25.646909664567755
2022-02-25 00:00:00-05:00,24.11688804626465,528866000,24.502593182973573,25.586908816791162
2022-02-28 00:00:00-05:00,24.344514846801758,477319000,24.487538103338164,25.538187484634715
2022-03-01 00:00:00-05:00,23.438018798828125,412056000,24.387583883861016,25.455827928328574
2022-03-02 00:00:00-05:00,24.18390464782715,389642000,24.3681858613816,25.405948583995187
2022-03-03 00:00:00-05:00,23.678661346435547,365095000,24.302516859958168,25.338211829581084
2022-03-04 00:00:00-05:00,22.901819229125977,431415000,24.169117085593196,25.2426670217201
2022-03-07 00:00:00-05:00,21.32017707824707,450821000,23.897789465845946,25.088843886681943
2022-03-08 00:00:00-05:00,21.4819393157959,557467000,23.667708499174513,24.94739664860798
2022-03-09 00:00:00-05:00,22.979703903198242,492742000,23.602184251938677,24.870232227219365
2022-03-10 00:00:00-05:00,22.62423324584961,428066000,23.509046060882575,24.7821538357931
2022-03-11 00:00:00-05:00,22.067068099975586,367209000,23.37171482651048,24.675679885368883
2022-03-14 00:00:00-04:00,21.2982120513916,385354000,23.174238371737253,24.54323016638938
2022-03-15 00:00:00-04:00,22.938758850097656,491996000,23.15181175062872,24.480309722613235
2022-03-16 00:00:00-04:00,24.459497451782227,671422000,23.276353245976672,24.479493555129668
2022-03-17 00:00:00-04:00,24.729095458984375,471941000,23.4147096472155,24.489281865084756
2022-03-18 00:00:00-04:00,26.4135799407959,730719000,23.700316341842203,24.56474453472049
2022-03-21 00:00:00-04:00,26.694162368774414,591727000,23.985444534883367,24.648251116448094
2022-03-22 00:00:00-04:00,26.484472274780273,547007000,24.22344717677831,24.720259789323865
2022-03-23 00:00:00-04:00,25.595796585083008,502120000,24.354147120426376,24.754594565628146
2022-03-24 00:00:00-04:00,28.108049392700195,877379000,24.71166162254769,24.886102598062344
2022-03-25 00:00:00-04:00,27.650732040405273,579016000,24.99157309091508,24.99451943893854
2022-03-28 00:00:00-04:00,28.17694664001465,425494000,25.29494200035313,25.11932050564741
2022-03-29 00:00:00-04:00,28.61329460144043,488984000,25.610975581409065,25.25633909763929
2022-03-30 00:00:00-04:00,27.648738861083984,463487000,25.80504827471144,25.35015869620575
2022-03-31 00:00:00-04:00,27.245336532592773,523440000,25.942218584985852,25.42447939567191
2022-04-01 00:00:00-04:00,26.672191619873047,517235000,26.01173982640368,25.473409286817052
2022-04-04 00:00:00-04:00,27.31922721862793,397120000,26.136262435186943,25.545794303750814
2022-04-05 00:00:00-04:00,25.892356872558594,436615000,26.113033333984244,25.55938499272367
2022-04-06 00:00:00-04:00,24.370624542236328,703833000,25.947089639532063,25.512766935841814
2022-04-07 00:00:00-04:00,24.17192268371582,557992000,25.778026119930516,25.460184808307464
2022-04-08 00:00:00-04:00,23.084545135498047,524781000,25.521504121413138,25.36702246819729
2022-04-11 00:00:00-04:00,21.88433837890625,575207000,25.17510738403153,25.23044662155843
2022-04-12 00:00:00-04:00,21.471954345703125,662258000,24.82242614228597,25.08305476760332
2022-04-13 00:00:00-04:00,22.169910430908203,516943000,24.56980559834523,24.968813813223118
2022-04-14 00:00:00-04:00,21.226316452026367,569097000,24.251378060600576,24.822049210823245
2022-04-18 00:00:00-04:00,21.750537872314453,525701000,24.013202804573325,24.701597785783687
2022-04-19 00:00:00-04:00,22.164918899536133,512781000,23.837175765998353,24.602120182401432
2022-04-20 00:00:00-04:00,21.449989318847656,468974000,23.609824675793526,24.478507207360106
2022-04-21 00:00:00-04:00,20.152923583984375,656209000,23.28059600038313,24.308876477031646
2022-04-22 00:00:00-04:00,19.48591423034668,624713000,22.919197736570137,24.119740702651843
2022-04-25 00:00:00-04:00,19.872344970703125,641566000,22.62902128267804,23.95317616414405
2022-04-26 00:00:00-04:00,18.760000228881836,653143000,22.2605430870784,23.749522205898472
2022-04-27 00:00:00-04:00,18.387556076049805,499460000,21.891687181266153,23.53924902433578
2022-04-28 00:00:00-04:00,19.752521514892578,570327000,21.687957117802004,23.3907499063184
2022-04-29 00:00:00-04:00,18.51936149597168,500435000,21.386186106199116,23.19971506669696
2022-05-02 00:00:00-04:00,19.503890991210938,572049000,21.20691990477167,23.05478078922692
2022-05-03 00:00:00-04:00,19.572790145874023,475751000,21.05128849916237,22.918232136546415
2022-05-04 00:00:00-04:00,20.303699493408203,648855000,20.980089546233405,22.815701444658643
2022-05-05 00:00:00-04:00,18.815916061401367,626331000,20.773977785773212,22.658847115903455
2022-05-06 00:00:00-04:00,18.64716911315918,633297000,20.57142457885759,22.501526409913485
2022-05-09 00:00:00-04:00,16.924741744995117,644455000,20.22412145182307,22.28282897207355
2022-05-10 00:00:00-04:00,17.568777084350586,761474000,19.971231512063785,22.097964192162845
2022-05-11 00:00:00-04:00,16.605215072631836,670167000,19.65065851783217,21.882562265906728
2022-05-12 00:00:00-04:00,16.150896072387695,708728000,19.31734780874222,21.657791042631473
2022-05-13 00:00:00-04:00,17.67961311340332,670437000,19.1613730758528,21.501784065014682
2022-05-16 00:00:00-04:00,17.238269805908203,521446000,18.978220383477126,21.334587427402663
2022-05-17 00:00:00-04:00,18.14990997314453,585830000,18.899333677731164,21.20969811547097
2022-05-18 00:00:00-04:00,16.91275978088379,545161000,18.710136163745698,21.041190729800885
2022-05-19 00:00:00-04:00,17.098478317260742,621310000,18.55664494027094,20.886574556760095
2022-05-20 00:00:00-04:00,16.669124603271484,739105000,18.376881098651943,20.72118436250564
2022-05-23 00:00:00-04:00,16.87281608581543,639889000,18.233636811715133,20.57026795949818
2022-05-24 00:00:00-04:00,16.129926681518555,588550000,18.033283465982127,20.396136928989176
2022-05-25 00:00:00-04:00,16.949703216552734,781132000,17.93008534698885,20.260982665756373
2022-05-26 00:00:00-04:00,17.82439613342285,996575000,17.92001970760161,20.165430252723688
2022-05-27 00:00:00-04:00,18.782970428466797,738379000,18.00220549054115,20.111216141968516
2022-05-31 00:00:00-04:00,18.644174575805664,664100000,18.063345403423487,20.05368510015821
2022-06-01 00:00:00-04:00,18.292699813842773,544514000,18.085188680606276,19.984626853636033
2022-06-02 00:00:00-04:00,19.562801361083984,648656000,18.225913697794628,19.968084677457522
2022-06-03 00:00:00-04:00,18.692102432250977,598779000,18.270312624885708,19.918046158037658
2022-06-06 00:00:00-04:00,18.75800132751465,422406000,18.316759167993226,19.8725542038995
2022-06-07 00:00:00-04:00,18.897798538208008,388914000,18.372096250870825,19.834328491519443
2022-06-08 00:00:00-04:00,18.624143600463867,363252000,18.39610076035588,19.786870260497658
2022-06-09 00:00:00-04:00,18.024913787841797,395574000,18.360749620116444,19.717773928236642
2022-06-10 00:00:00-04:00,16.952289581298828,465248000,18.22661056880048,19.60932356169006
2022-06-13 00:00:00-04:00,15.626984596252441,604153000,17.979027142843524,19.453153406182704
2022-06-14 00:00:00-04:00,15.815743446350098,469680000,17.773000124129865,19.31050987834613
2022-06-15 00:00:00-04:00,16.505859375,563936000,17.652320052784162,19.200523584097265
2022-06-16 00:00:00-04:00,15.581043243408203,545749000,17.455055594748355,19.058583178580047
2022-06-17 00:00:00-04:00,15.859685897827148,630334000,17.303115623613003,18.93313622639366
2022-06-21 00:00:00-04:00,16.5448055267334,483089000,17.230895614386373,18.839476198956003
2022-06-22 00:00:00-04:00,16.339075088500977,437135000,17.14596032620681,18.741421253447964
2022-06-23 00:00:00-04:00,16.204248428344727,463680000,17.056273478791375,18.641924279914505
2022-06-24 00:00:00-04:00,17.10409164428711,472153000,17.060827589790968,18.58161711773304
2022-06-27 00:00:00-04:00,16.847423553466797,427968000,17.040503395855332,18.5136095269775
2022-06-28 00:00:00-04:00,15.961556434631348,461149000,16.937746542405428,18.41352901355216
2022-06-29 00:00:00-04:00,15.52211856842041,482352000,16.80292483059733,18.300140368645035
2022-06-30 00:00:00-04:00,15.139609336853027,686070000,16.644513831193112,18.17619797524143
2022-07-01 00:00:00-04:00,14.504422187805176,577610000,16.44069557944188,18.032206767890987
2022-07-05 00:00:00-04:00,14.94485855102539,651397000,16.29823491006888,17.91113428879822
2022-07-06 00:00:00-04:00,15.110645294189453,529066000,16.185131137127982,17.801311190970427
2022-07-07 00:00:00-04:00,15.837713241577148,492903000,16.152043718504093,17.72430734981775
2022-07-08 00:00:00-04:00,15.817741394042969,467972000,16.120205401888747,17.649540057434425
2022-07-11 00:00:00-04:00,15.132617950439453,437321000,16.02614945413167,17.55083722970913
2022-07-12 00:00:00-04:00,15.06270694732666,458483000,15.934393024912145,17.453263493145112
2022-07-13 00:00:00-04:00,15.144600868225098,521918000,15.859174724275283,17.362727703932563
2022-07-14 00:00:00-04:00,15.352336883544922,456235000,15.810904453729535,17.283888848231086
2022-07-15 00:00:00-04:00,15.741837501525879,385935000,15.804326648757758,17.22341624639951
2022-07-18 00:00:00-04:00,16.080402374267578,670517000,15.830619574996788,17.178592172982572
2022-07-19 00:00:00-04:00,16.970264434814453,702366000,15.939157180693709,17.170422457760292
2022-07-20 00:00:00-04:00,17.784221649169922,760538000,16.114877606262873,17.19449301428616
2022-07-21 00:00:00-04:00,18.026906967163086,557049000,16.296975640634322,17.227136698712705
2022-07-22 00:00:00-04:00,17.296844482421875,536671000,16.39220124461409,17.229870337289537
2022-07-25 00:00:00-04:00,17.002222061157227,480748000,16.450298465237246,17.2209429539118
2022-07-26 00:00:00-04:00,16.511852264404297,397865000,16.456160731824585,17.193135475891896
2022-07-27 00:00:00-04:00,17.767244338989258,569776000,16.58102583726884,17.215649548954538
2022-07-28 00:00:00-04:00,17.96099281311035,474646000,16.71245126353946,17.24487869656849
2022-07-29 00:00:00-04:00,18.139766693115234,435460000,16.848386066356202,17.279972343491895
2022-08-01 00:00:00-04:00,18.41741180419922,476469000,16.997817089007917,17.324577812539243
2022-08-02 00:00:00-04:00,18.50229835510254,489527000,17.141101019112167,17.370762931855452
2022-08-03 00:00:00-04:00,18.86882781982422,418146000,17.305646428703792,17.429510574520894
2022-08-04 00:00:00-04:00,19.190420150756836,409652000,17.48514868794694,17.49856585202034
2022-08-05 00:00:00-04:00,18.964710235595703,386068000,17.626059311532536,17.556061710199767
2022-08-08 00:00:00-04:00,17.770235061645508,981859000,17.63979033535282,17.564460665158425
2022-08-09 00:00:00-04:00,17.06414794921875,668263000,17.5849672509591,17.544840558650986
2022-08-10 00:00:00-04:00,18.073848724365234,597422000,17.631527391283495,17.56558597691429
2022-08-11 00:00:00-04:00,17.919050216674805,509327000,17.658910517511238,17.579447319649997
2022-08-12 00:00:00-04:00,18.685068130493164,478094000,17.756639813985707,17.62280499850659
2022-08-15 00:00:00-04:00,19.00765609741211,457666000,17.875784221931077,17.677112884738182
2022-08-16 00:00:00-04:00,18.85485076904297,451240000,17.96902865498935,17.723298684122685
2022-08-17 00:00:00-04:00,18.31154441833496,446799000,18.00164920387941,17.746367144287873
2022-08-18 00:00:00-04:00,18.748985290527344,415447000,18.07282406927445,17.785685502963933
2022-08-19 00:00:00-04:00,17.826168060302734,441588000,18.049333020800955,17.78727305423212
2022-08-22 00:00:00-04:00,17.0122127532959,409593000,17.950559661990948,17.75687853262678
2022-08-23 00:00:00-04:00,17.15902328491211,369986000,17.875175245126297,17.73343322879483
2022-08-24 00:00:00-04:00,17.199968338012695,522661000,17.81086982540119,17.712513036999454
2022-08-25 00:00:00-04:00,17.890085220336914,770691000,17.818414148728404,17.719476652032295
2022-08-26 00:00:00-04:00,16.23920249938965,769127000,17.66801303926757,17.661426685261997
2022-08-29 00:00:00-04:00,15.780787467956543,496132000,17.48827727057128,17.587676127720606
2022-08-30 00:00:00-04:00,15.448214530944824,530181000,17.293985581083046,17.503775672945086
2022-08-31 00:00:00-04:00,15.074692726135254,573710000,17.082624356802302,17.40851751816823
2022-09-01 00:00:00-04:00,13.919171333312988,1178865000,16.781343116469987,17.271680412879792
2022-09-02 00:00:00-04:00,13.62954330444336,743157000,16.481171705800783,17.1288515066666
2022-09-06 00:00:00-04:00,13.447776794433594,535751000,16.19227695233724,16.984495635598638
2022-09-07 00:00:00-04:00,13.70052719116211,512657000,15.954967451272942,16.855712559346227
2022-09-08 00:00:00-04:00,13.976255416870117,624873000,15.766518686091722,16.742792671405986
2022-09-09 00:00:00-04:00,14.3728666305542,486612000,15.633789918897671,16.649854395294152
2022-09-12 00:00:00-04:00,14.49074935913086,484159000,15.524928913205594,16.565183609562258
2022-09-13 00:00:00-04:00,13.118099212646484,714956000,15.295707036961868,16.430003829291053
2022-09-14 00:00:00-04:00,13.115103721618652,588507000,15.088030530738704,16.300007746637235
2022-09-15 00:00:00-04:00,12.916297912597656,523625000,14.881198852820509,16.167313243341564
2022-09-16 00:00:00-04:00,13.185032844543457,670751000,14.719659232984599,16.050361070839678
2022-09-19 00:00:00-04:00,13.368852615356445,569685000,14.59101098368668,15.945203876507003
2022-09-20 00:00:00-04:00,13.163055419921875,524818000,14.455015215709079,15.83610001546445
2022-09-21 00:00:00-04:00,13.247973442077637,807679000,14.340058856315608,15.73460485572379
2022-09-22 00:00:00-04:00,12.548659324645996,759162000,14.169449377108979,15.609665815289366
2022-09-23 00:00:00-04:00,12.503704071044922,663309000,14.01080696700764,15.487863393946448
2022-09-26 00:00:00-04:00,12.215988159179688,547343000,13.839871842452597,15.359554561210496
2022-09-27 00:00:00-04:00,12.400805473327637,553854000,13.702817902535934,15.24352518521509
2022-09-28 00:00:00-04:00,12.723488807678223,542414000,13.609548464930437,15.144700229233251
2022-09-29 00:00:00-04:00,12.20799446105957,532763000,13.47606713122845,15.029535297148009
2022-09-30 00:00:00-04:00,12.127074241638184,565638000,13.347591617934139,14.915713294971154
2022-10-03 00:00:00-04:00,12.49970817565918,547478000,13.266840813907953,14.820967996174605
2022-10-04 00:00:00-04:00,13.154065132141113,584182000,13.256100272787302,14.755599256408587
2022-10-05 00:00:00-04:00,13.196022987365723,507131000,13.250378626556675,14.694439402720631
2022-10-06 00:00:00-04:00,13.11710262298584,644157000,13.237685673835642,14.632583058417307
2022-10-07 00:00:00-04:00,12.06413745880127,672478000,13.125919177165702,14.53185970156962
2022-10-10 00:00:00-04:00,11.65853500366211,698699000,12.986168303498694,14.419180301651679
2022-10-11 00:00:00-04:00,11.574618339538574,667482000,12.85173497359773,14.307628852157048
2022-10-12 00:00:00-04:00,11.488702774047852,492590000,12.72192238316441,14.197082731446883
2022-10-13 00:00:00-04:00,11.948251724243164,850103000,12.648239463267148,14.108893280183993
2022-10-14 00:00:00-04:00,11.215970993041992,713432000,12.511832942293323,13.995445347354895
2022-10-17 00:00:00-04:00,11.876320838928223,580774000,12.451307980068075,13.91234242545581
2022-10-18 00:00:00-04:00,11.955243110656738,659362000,12.404063706790804,13.835593432718591
2022-10-19 00:00:00-04:00,12.03916072845459,523131000,12.369311042187356,13.765145091374904
2022-10-20 00:00:00-04:00,12.182021141052246,652398000,12.351473908745916,13.703061799205388
2022-10-21 00:00:00-04:00,12.453753471374512,609494000,12.36121481947245,13.65406931576104
2022-10-24 00:00:00-04:00,12.586623191833496,517457000,12.382682283506835,13.612208683450156
2022-10-25 00:00:00-04:00,13.247973442077637,505482000,12.465090965275483,13.597924948494372
2022-10-26 00:00:00-04:00,12.883330345153809,532953000,12.504923287168657,13.569901630716311
2022-10-27 00:00:00-04:00,13.163055419921875,583113000,12.567602537907058,13.553946877351823
2022-10-28 00:00:00-04:00,13.820408821105957,521040000,12.686917422021239,13.564396365342182
2022-10-31 00:00:00-04:00,13.483739852905273,486341000,12.762805272581623,13.561233364854461
2022-11-01 00:00:00-04:00,13.529696464538574,432817000,12.835842528958477,13.559996623665603
2022-11-02 00:00:00-04:00,13.206014633178711,672628000,12.871097015074689,13.546114976979842
2022-11-03 00:00:00-04:00,13.407815933227539,500065000,12.922213102517818,13.540691485067988
2022-11-04 00:00:00-04:00,14.14209270477295,612576000,13.038392112256401,13.564275846625046
2022-11-07 00:00:00-05:00,14.286952018737793,410061000,13.157302579540344,13.592616088668683
2022-11-08 00:00:00-05:00,14.587656021118164,595292000,13.29352671683347,13.631637262490232
2022-11-09 00:00:00-05:00,13.762466430664062,454414000,13.338187641960193,13.636767818104891
2022-11-10 00:00:00-05:00,15.734525680541992,700819000,13.566410312301317,13.719032832318112
2022-11-11 00:00:00-05:00,16.310958862304688,655487000,13.827795888492114,13.820676990356802
2022-11-14 00:00:00-05:00,16.27899169921875,527852000,14.061243108561317,13.917081488743545
2022-11-15 00:00:00-05:00,16.649629592895508,545876000,14.307756107069336,14.024240237925975
2022-11-16 00:00:00-05:00,15.894368171691895,649547000,14.458862017985771,14.097578588269737
2022-11-17 00:00:00-05:00,15.661598205566406,710894000,14.573408321564878,14.158912690908823
2022-11-18 00:00:00-05:00,15.3938627243042,492072000,14.65154683611148,14.207342103983152
2022-11-21 00:00:00-05:00,15.301952362060547,404739000,14.7134902195352,14.250267996456776
2022-11-22 00:00:00-05:00,16.022247314453125,472866000,14.838133752384527,14.31975738147624
2022-11-23 00:00:00-05:00,16.502771377563477,427241000,14.996670669068237,14.405365773479662
2022-11-25 00:00:00-05:00,16.254016876220703,167934000,15.116417926892282,14.477861895155781
2022-11-28 00:00:00-05:00,15.81145191192627,303741000,15.182611639752661,14.530159542872271
2022-11-29 00:00:00-05:00,15.623636245727539,298384000,15.22461398317884,14.57304098219993
2022-11-30 00:00:00-05:00,16.91069984436035,565298000,15.38519358900565,14.66471387875524
2022-12-01 00:00:00-05:00,17.12254524230957,470977000,15.550655651225071,14.761099422424039
2022-12-02 00:00:00-05:00,16.863731384277344,371389000,15.675710482944336,14.843555577790836
2022-12-05 00:00:00-05:00,16.59792709350586,352255000,15.763540636331147,14.912354460760053
2022-12-06 00:00:00-05:00,15.975379943847656,352694000,15.783715808475575,14.954041734606626
2022-12-07 00:00:00-05:00,16.10828399658203,372388000,15.814627064485714,14.999306137037035
2022-12-08 00:00:00-05:00,17.156522750854492,515456000,15.942426653663693,15.08390286699066
2022-12-09 00:00:00-05:00,16.9886417388916,465338000,16.042066185590162,15.158598509025992
2022-12-12 00:00:00-05:00,17.522254943847656,457328000,16.183036543519446,15.251290918234686
2022-12-13 00:00:00-05:00,18.058866500854492,656589000,16.36168701564659,15.361391921474679
2022-12-14 00:00:00-05:00,17.66115379333496,496888000,16.485445756378816,15.451578661547632
2022-12-15 00:00:00-05:00,16.939678192138672,478542000,16.528705988355945,15.509935505884537
2022-12-16 00:00:00-05:00,16.5589542388916,478232000,16.531586774121244,15.551073495414226
2022-12-19 00:00:00-05:00,16.242183685302734,354039000,16.504024575186147,15.57817585580201
2022-12-20 00:00:00-05:00,16.07330894470215,403260000,16.463004038949574,15.597592839680448
2022-12-21 00:00:00-05:00,16.489004135131836,325025000,16.46548023858598,15.632550145384425
2022-12-22 00:00:00-05:00,15.327852249145508,565045000,16.357134715782124,15.620601208277016
2022-12-23 00:00:00-05:00,15.1949462890625,349326000,16.246450103713588,15.603908858503898
2022-12-27 00:00:00-05:00,14.110736846923828,464902000,16.043048841162182,15.545353093343895
2022-12-28 00:00:00-05:00,14.025797843933105,351066000,15.850929698568937,15.485762691406217
2022-12-29 00:00:00-05:00,14.592386245727539,354923000,15.731068417345947,15.450728320987446
2022-12-30 00:00:00-05:00,14.603379249572754,310490000,15.623669448986595,15.41749894563785
2023-01-03 00:00:00-05:00,14.304594039916992,401277000,15.498043219551395,15.37385561600174
2023-01-04 00:00:00-05:00,14.738279342651367,431324000,15.425684755084726,15.34893105626251
2023-01-05 00:00:00-05:00,14.254631996154785,389168000,15.314155920900921,15.306017367630835
2023-01-06 00:00:00-05:00,14.848199844360352,405044000,15.269779151706581,15.288063739267287
2023-01-09 00:00:00-05:00,15.616640090942383,504231000,15.302813526871896,15.300949086391801
2023-01-10 00:00:00-05:00,15.897438049316406,384101000,15.359444433771372,15.32434081042806
2023-01-11 00:00:00-05:00,15.98936939239502,353285000,15.419437286973624,15.350420362662058
2023-01-12 00:00:00-05:00,16.499000549316406,551409000,15.522252835768175,15.395462722923014
2023-01-13 00:00:00-05:00,16.886716842651367,447287000,15.65220178880467,15.453943276637851
2023-01-17 00:00:00-05:00,17.68913459777832,511102000,15.846195389659302,15.541597838251203
2023-01-18 00:00:00-05:00,17.364370346069336,439624000,15.990783480745971,15.6130791130676
2023-01-19 00:00:00-05:00,16.752811431884766,452932000,16.06335757133062,15.657774498119254
2023-01-20 00:00:00-05:00,17.826034545898438,564967000,16.23123156890851,15.742804303914516
2023-01-23 00:00:00-05:00,19.17905044555664,655163000,16.51197622382738,15.877559054567149
2023-01-24 00:00:00-05:00,19.250995635986328,496204000,16.772835215461566,16.00985068521104
2023-01-25 00:00:00-05:00,19.3089542388916,449537000,17.014370360550142,16.139227295159298
2023-01-26 00:00:00-05:00,19.787607192993164,489535000,17.278488154116143,16.28230101664298
2023-01-27 00:00:00-05:00,20.350196838378906,542142000,17.571031838331646,16.441826342985564
2023-01-30 00:00:00-05:00,19.148075103759766,488611000,17.721226435039085,16.547953745368865
2023-01-31 00:00:00-05:00,19.522802352905273,498017000,17.892805093883485,16.664614475076174
2023-02-01 00:00:00-05:00,20.927776336669922,660477000,18.18184997414886,16.83179729317789
2023-02-02 00:00:00-05:00,21.693220138549805,564276000,18.516266180282283,17.02244132632973
2023-02-03 00:00:00-05:00,21.084665298461914,429366000,18.760875620108916,17.181744227197658
2023-02-06 00:00:00-05:00,21.073671340942383,452197000,18.981141879235913,17.33436881989353
2023-02-07 00:00:00-05:00,22.156885147094727,664150000,19.28359361903199,17.523487107234754
2023-02-08 00:00:00-05:00,22.188861846923828,559651000,19.560285831212166,17.706442979379425
2023-02-09 00:00:00-05:00,22.32076644897461,523876000,19.82318874718954,17.887396840932176
2023-02-10 00:00:00-05:00,21.249544143676758,550737000,19.95903211828356,18.019245754765297
2023-02-13 00:00:00-05:00,21.772165298461914,474919000,20.131711468776736,18.16641907020438
2023-02-14 00:00:00-05:00,22.954303741455078,675474000,20.40052978046039,18.354179253390683
2023-02-15 00:00:00-05:00,22.747455596923828,420575000,20.62404652488548,18.526464600195904
2023-02-16 00:00:00-05:00,21.98600959777832,412026000,20.753757293732416,18.662133031473648
2023-02-17 00:00:00-05:00,21.372453689575195,465888000,20.812680760003158,18.76842011610508
2023-02-21 00:00:00-05:00,20.639989852905273,410015000,20.796234006946218,18.841815007744305
2023-02-22 00:00:00-05:00,20.738916397094727,513184000,20.79077518696036,18.916211140660007
2023-02-23 00:00:00-05:00,23.646799087524414,1117995000,21.062777463204554,19.101724393478218
2023-02-24 00:00:00-05:00,23.269075393676758,589716000,21.27290107563048,19.26514992289777
2023-02-27 00:00:00-05:00,23.483917236328125,452994000,21.48347404331597,19.430591778326413
2023-02-28 00:00:00-05:00,23.199125289916992,455963000,21.646869400135113,19.578377406231926
2023-03-01 00:00:00-05:00,22.681501388549805,460026000,21.745405779984132,19.700068542793414
2023-03-02 00:00:00-05:00,23.297054290771484,389415000,21.893181828630546,19.841126807420004
2023-03-03 00:00:00-05:00,23.872636795043945,412393000,22.081701349241346,19.99922523830722
2023-03-06 00:00:00-05:00,23.536880493164062,437429000,22.220289839138747,20.137956816929055
2023-03-07 00:00:00-05:00,23.275026321411133,515154000,22.320740932688498,20.260979150438157
2023-03-08 00:00:00-05:00,24.16752815246582,513573000,22.49662542981015,20.414177150517673
2023-03-09 00:00:00-05:00,23.422943115234375,501257000,22.584846161755312,20.532167972663427
2023-03-10 00:00:00-05:00,22.952205657958984,474866000,22.619832780441374,20.62707141130247
2023-03-13 00:00:00-04:00,22.953205108642578,421890000,22.651582525984345,20.718292340609928
2023-03-14 00:00:00-04:00,24.049592971801758,474910000,22.784726377966955,20.848931581048824
2023-03-15 00:00:00-04:00,24.214502334594727,524486000,22.92089551669341,20.980914747854545
2023-03-16 00:00:00-04:00,25.526769638061523,583253000,23.169074004442752,21.159183567078347
2023-03-17 00:00:00-04:00,25.710670471191406,848547000,23.411130810799765,21.337673249592587
2023-03-20 00:00:00-04:00,25.885568618774414,432747000,23.6467915544164,21.51602208759972
2023-03-21 00:00:00-04:00,26.184404373168945,547408000,23.888468965726165,21.69909590272008
2023-03-22 00:00:00-04:00,26.45325469970703,797295000,24.132734273724342,21.885533502601923
2023-03-23 00:00:00-04:00,27.17584991455078,564889000,24.422554810945908,22.092996891305802
2023-03-24 00:00:00-04:00,26.764080047607422,454920000,24.64555721443748,22.276176622925473
2023-03-27 00:00:00-04:00,26.516220092773438,361026000,24.82371558380281,22.442452837429315
2023-03-28 00:00:00-04:00,26.395288467407227,356104000,24.973389191765133,22.597465999389232
2023-03-29 00:00:00-04:00,26.968963623046875,393694000,25.16344389950625,22.768897278748355
2023-03-30 00:00:00-04:00,27.36774444580078,364516000,25.373377284867637,22.9492442264759
2023-03-31 00:00:00-04:00,27.76152801513672,433933000,25.60082021155993,23.137961237795935
2023-04-03 00:00:00-04:00,27.949419021606445,398716000,25.82449628870722,23.326645856768895
2023-04-04 00:00:00-04:00,27.43770408630371,368592000,25.97813512657355,23.487863826554573
2023-04-05 00:00:00-04:00,26.866025924682617,515015000,26.06269615496489,23.620340771579205
2023-04-06 00:00:00-04:00,27.02193832397461,397654000,26.154052552013436,23.753736754026082
2023-04-10 00:00:00-04:00,27.563636779785156,395279000,26.288298668944076,23.903144598173498
2023-04-11 00:00:00-04:00,27.153865814208984,314378000,26.37073363515978,24.03062386154744
2023-04-12 00:00:00-04:00,26.48023796081543,446259000,26.381162618555557,24.12668715955795
2023-04-13 00:00:00-04:00,26.448257446289062,353615000,26.387552602149224,24.217729131586623
2023-04-14 00:00:00-04:00,26.743091583251953,395660000,26.421413457492342,24.316762953220557
2023-04-17 00:00:00-04:00,26.98695945739746,321471000,26.47527498129283,24.42147654161965
2023-04-18 00:00:00-04:00,27.65159034729004,604812000,26.587305016149706,24.548147671253783
2023-04-19 00:00:00-04:00,27.91543960571289,358660000,26.713794024679533,24.68019833535022
2023-04-20 00:00:00-04:00,27.088899612426758,427713000,26.749518366369745,24.774657208961063
2023-04-21 00:00:00-04:00,27.10388946533203,345103000,26.783267994842344,24.865999650387376
2023-04-24 00:00:00-04:00,27.02693748474121,339282000,26.80647461292795,24.950742310558116
2023-04-25 00:00:00-04:00,26.22637939453125,378527000,26.75122744927112,25.00076729424334
2023-04-26 00:00:00-04:00,26.940980911254883,406337000,26.76929920755529,25.076854102753597
2023-04-27 00:00:00-04:00,27.210830688476562,377161000,26.811349824785886,25.16053945905646
2023-04-28 00:00:00-04:00,27.73354148864746,292216000,26.89917760229651,25.26144149943258
2023-05-01 00:00:00-04:00,28.89389419555664,570329000,27.08915061117843,25.403890624770778
2023-05-02 00:00:00-04:00,28.19428253173828,402730000,27.194401270279368,25.513317758377347
2023-05-03 00:00:00-04:00,27.78651237487793,383387000,27.250792804050658,25.60246264529894
2023-05-04 00:00:00-04:00,27.546642303466797,321850000,27.278968946852196,25.678704984834933
2023-05-05 00:00:00-04:00,28.66402244567871,361494000,27.410878803883293,25.7957762578092
2023-05-08 00:00:00-04:00,29.13475799560547,344979000,27.5750577745235,25.92671671811494
2023-05-09 00:00:00-04:00,28.555082321166992,314869000,27.668393445632404,26.029789879018942
2023-05-10 00:00:00-04:00,28.86890983581543,369350000,27.78272833993555,26.141127916540373
2023-05-11 00:00:00-04:00,28.56207847595215,322149000,27.85695216241332,26.236067154164367
2023-05-12 00:00:00-04:00,28.32421112060547,274222000,27.90145301557448,26.31795515284833
2023-05-15 00:00:00-04:00,28.936870574951172,293926000,28.000064211705592,26.42065771842099
2023-05-16 00:00:00-04:00,29.196725845336914,449405000,28.114031986337146,26.529523135162794
2023-05-17 00:00:00-04:00,30.16118621826172,432535000,28.308999056044247,26.67194129528432
2023-05-18 00:00:00-04:00,31.66035270690918,748725000,28.628175594221858,26.867565272210786
2023-05-19 00:00:00-04:00,31.24658203125,473908000,28.877547635843587,27.03929141962409
2023-05-22 00:00:00-04:00,31.15863037109375,372000000,29.094793610629317,27.200834123603293
2023-05-23 00:00:00-04:00,30.670902252197266,356253000,29.24489919554055,27.33691522668541
2023-05-24 00:00:00-04:00,30.52098846435547,721419000,29.36643150685626,27.461780843848942
2023-05-25 00:00:00-04:00,37.958839416503906,1543911000,30.184756069679846,27.873430199639333
2023-05-26 00:00:00-04:00,38.9243049621582,714397000,31.01709405943969,28.306797837385172
2023-05-30 00:00:00-04:00,40.088653564453125,923401000,31.881052107536206,28.768831395309405
2023-05-31 00:00:00-04:00,37.812923431396484,1002580000,32.445992233618135,29.12350167123439
2023-06-01 00:00:00-04:00,39.74784851074219,635873000,33.14140711715376,29.54014272376411
2023-06-02 00:00:00-04:00,39.30508804321289,482731000,33.728424348207014,29.923081755899357
2023-06-05 00:00:00-04:00,39.14917755126953,396094000,34.244686558022494,30.284889434149168
2023-06-06 00:00:00-04:00,38.63246536254883,388729000,34.66257025369167,30.61224535290994
2023-06-07 00:00:00-04:00,37.45799255371094,511998000,34.9288009489316,30.880706027451158
2023-06-08 00:00:00-04:00,38.49252700805664,417772000,35.26820343075303,31.179208811004315
2023-06-09 00:00:00-04:00,38.752410888671875,427717000,35.60003271245959,31.476197127775592
2023-06-12 00:00:00-04:00,39.464088439941406,388701000,35.96803801983881,31.78944776746837
2023-06-13 00:00:00-04:00,41.00339126586914,613208000,36.447595471841694,32.150778885052716
2023-06-14 00:00:00-04:00,42.97748947143555,740465000,37.06949013846968,32.57535577079322
2023-06-15 00:00:00-04:00,42.63365173339844,568622000,37.59941029036766,32.96979874971892
2023-06-16 00:00:00-04:00,42.672630310058594,655709000,38.082574101766795,33.35030194816361
2023-06-20 00:00:00-04:00,43.78812026977539,451153000,38.62595945110095,33.75962815685427
2023-06-21 00:00:00-04:00,43.02546691894531,551603000,39.044960162324216,34.122994382818625
2023-06-22 00:00:00-04:00,43.0054817199707,417737000,39.42215269162388,34.47132721956969
2023-06-23 00:00:00-04:00,42.189849853515625,358140000,39.68574289751833,34.77401438168521
2023-06-26 00:00:00-04:00,40.613563537597656,594322000,39.77410676800208,35.00301630936806
2023-06-27 00:00:00-04:00,41.85700225830078,462175000,39.972477767078146,35.2718000720713
2023-06-28 00:00:00-04:00,41.09833908081055,582639000,40.07970265410028,35.50029179790421
2023-06-29 00:00:00-04:00,40.8034782409668,380514000,40.148633662373285,35.70825989371059
2023-06-30 00:00:00-04:00,42.282806396484375,501148000,40.3518882084791,35.96608524676054
2023-07-03 00:00:00-04:00,42.39375305175781,198209000,40.546351526886596,36.21815065087808
2023-07-05 00:00:00-04:00,42.29780578613281,323618000,40.713156694433856,36.456568499319445
2023-07-06 00:00:00-04:00,42.083900451660156,303582000,40.8437037189316,36.67724818372496
2023-07-07 00:00:00-04:00,42.48371505737305,355881000,40.999895274973646,36.904952767005284
2023-07-10 00:00:00-04:00,42.16086196899414,353908000,41.110463531547026,37.11106685335779
2023-07-11 00:00:00-04:00,42.38576126098633,298244000,41.231920458160296,37.317917614441264
2023-07-12 00:00:00-04:00,43.882080078125,481277000,41.48431661244265,37.575335750272
2023-07-13 00:00:00-04:00,45.95614242553711,478204000,41.91020478511831,37.90399483557651
2023-07-14 00:00:00-04:00,45.4483757019043,772075000,42.247173443859836,38.19985290876584
2023-07-17 00:00:00-04:00,46.439918518066406,510488000,42.64648249854618,38.52299273658155
2023-07-18 00:00:00-04:00,47.47245407104492,569164000,43.106098838784156,38.87395200459972
2023-07-19 00:00:00-04:00,47.05564498901367,427502000,43.482246091186965,39.19480270987086
2023-07-20 00:00:00-04:00,45.49934768676758,537865000,43.67435100505178,39.44203976778837
2023-07-21 00:00:00-04:00,44.28889846801758,963769000,43.73287933485805,39.63211265799344
2023-07-24 00:00:00-04:00,44.591758728027344,382516000,43.81467737230274,39.826608582308495
2023-07-25 00:00:00-04:00,45.65827560424805,348081000,43.99025815629753,40.055301406698284
2023-07-26 00:00:00-04:00,45.43138122558594,364237000,44.12750797242023,40.26612806626251
2023-07-27 00:00:00-04:00,45.87917709350586,455976000,44.294333602999814,40.48624763595833
2023-07-28 00:00:00-04:00,46.72879409790039,331194000,44.52618698346654,40.7310533795639
2023-07-31 00:00:00-04:00,46.707794189453125,251055000,44.7339590983224,40.96543537210858
2023-08-01 00:00:00-04:00,46.485897064208984,237858000,44.90081033316874,41.18192406591644
2023-08-02 00:00:00-04:00,44.24891662597656,530142000,44.83872521819806,41.30219828395801
2023-08-03 00:00:00-04:00,44.49480438232422,324176000,44.80597085287674,41.42739852310963
2023-08-04 00:00:00-04:00,44.65972900390625,362666000,44.79204305773669,41.55415658118009
2023-08-07 00:00:00-04:00,45.39639663696289,322154000,44.84960054147252,41.704832661799024
2023-08-08 00:00:00-04:00,44.643741607666016,353843000,44.82999492872904,41.8200839930095
2023-08-09 00:00:00-04:00,42.534690856933594,586449000,44.611394540939,41.84810779159476
2023-08-10 00:00:00-04:00,42.368770599365234,492705000,44.397811308408166,41.86852594091909
2023-08-11 00:00:00-04:00,40.83646774291992,533085000,44.058635730742616,41.828053070409325
2023-08-14 00:00:00-04:00,43.733150482177734,690286000,44.0276371356412,41.902762772831615
2023-08-15 00:00:00-04:00,43.92006301879883,676512000,44.01739198165621,41.98187258639896
2023-08-16 00:00:00-04:00,43.466270446777344,527451000,43.96490421642965,42.04008426719811
2023-08-17 00:00:00-04:00,43.32433319091797,452395000,43.90389745209521,42.09044697008909
2023-08-18 00:00:00-04:00,43.279354095458984,583768000,43.844417132415565,42.137070778927125
2023-08-21 00:00:00-04:00,46.9456901550293,692573000,44.139776467902585,42.325644087793876
2023-08-22 00:00:00-04:00,45.64727783203125,755293000,44.28334802639103,42.455904234626715
2023-08-23 00:00:00-04:00,47.094627380371094,779046000,44.551088917246275,42.63781494622454
2023-08-24 00:00:00-04:00,47.1416015625,1156044000,44.79780440727044,42.81443402921573
2023-08-25 00:00:00-04:00,45.99712371826172,925341000,44.912025294031515,42.93924538957048
2023-08-28 00:00:00-04:00,46.813751220703125,685192000,45.09314204895262,43.09118679471294
2023-08-29 00:00:00-04:00,48.76186752319336,701397000,45.44254447507079,43.31356643112394
2023-08-30 00:00:00-04:00,49.24165344238281,735206000,45.804364376719555,43.546040431565466
2023-08-31 00:00:00-04:00,49.33261489868164,528570000,46.14038823595404,43.772964920471985
2023-09-01 00:00:00-04:00,48.486995697021484,463830000,46.36387466081761,43.957828872493536
2023-09-05 00:00:00-04:00,48.52597427368164,382653000,46.5697889096618,44.136971829402874
2023-09-06 00:00:00-04:00,47.04352569580078,468670000,46.6149066988179,44.2509543339675
2023-09-07 00:00:00-04:00,46.22382736206055,433330000,46.57766104769815,44.32832190369664
2023-09-08 00:00:00-04:00,45.555076599121094,473069000,46.48027205259557,44.376429930968186
2023-09-11 00:00:00-04:00,45.161224365234375,473966000,46.35464846332308,44.40720618329235
2023-09-12 00:00:00-04:00,44.853336334228516,349256000,46.211666355790264,44.424701483329066
2023-09-13 00:00:00-04:00,45.468109130859375,398355000,46.140851381987325,44.46561943029104
2023-09-14 00:00:00-04:00,45.56407928466797,370097000,46.08592070605215,44.508696287325435
2023-09-15 00:00:00-04:00,43.883697509765625,506831000,45.87618516354867,44.4841865313427
2023-09-18 00:00:00-04:00,43.94967269897461,500271000,45.692707785970185,44.46322520458317
2023-09-19 00:00:00-04:00,43.50383758544922,373064000,45.48424395734914,44.42560216069556
2023-09-20 00:00:00-04:00,42.22331619262695,367108000,45.173679408327985,44.33923800508503
2023-09-21 00:00:00-04:00,41.00177001953125,450736000,44.77635470463306,44.208356907612334
2023-09-22 00:00:00-04:00,41.59454345703125,479236000,44.473325062004314,44.10585441935425
2023-09-25 00:00:00-04:00,42.20631790161133,419091000,44.257419618157364,44.03136279120747
2023-09-26 00:00:00-04:00,41.89543533325195,402282000,44.032468733880656,43.94760093011118
2023-09-27 00:00:00-04:00,42.45222854614258,444935000,43.88196966838179,43.8889588758379
2023-09-28 00:00:00-04:00,43.073001861572266,424663000,43.80492511535231,43.856960561552974
2023-09-29 00:00:00-04:00,43.48284912109375,397830000,43.77425121113721,43.84228952467222
2023-10-02 00:00:00-04:00,44.7653694152832,433298000,43.86864342105588,43.878488736068725
2023-10-03 00:00:00-04:00,43.50083541870117,470850000,43.83361408749829,43.86367880205431
2023-10-04 00:00:00-04:00,44.0246467590332,361821000,43.85180767526352,43.869991270955445
2023-10-05 00:00:00-04:00,44.67140579223633,393483000,43.92986463878474,43.901419291397836
2023-10-06 00:00:00-04:00,45.74500274658203,434436000,44.10273493476544,43.97371668179722
2023-10-09 00:00:00-04:00,45.25618362426758,409675000,44.2125871909085,44.024009503070566
2023-10-10 00:00:00-04:00,45.7809944152832,368582000,44.36195930751561,44.092910872176944
2023-10-11 00:00:00-04:00,46.78861618041992,378137000,44.59306948588745,44.19862480583353
2023-10-12 00:00:00-04:00,46.92757034301758,481325000,44.81540290085222,44.30564227787997
2023-10-13 00:00:00-04:00,45.444114685058594,474115000,44.87528021363378,44.35028825463207
2023-10-16 00:00:00-04:00,46.077884674072266,375099000,44.98981397177078,44.418037133825806
2023-10-17 00:00:00-04:00,43.92168045043945,812333000,44.88808696973923,44.39857216584987
2023-10-18 00:00:00-04:00,42.18033218383789,627294000,44.63020556155815,44.311582362633715
2023-10-19 00:00:00-04:00,42.08536911010742,501233000,44.38784018522951,44.22427988214249
2023-10-20 00:00:00-04:00,41.37162780761719,477266000,44.100581863552144,44.11241117333758
2023-10-23 00:00:00-04:00,42.95904541015625,478530000,43.99186410608587,44.0671811434089
2023-10-24 00:00:00-04:00,43.64678192138672,401463000,43.95899913611452,44.050694899408036
2023-10-25 00:00:00-04:00,41.76348114013672,398379000,43.749902184116635,43.96100024218171
2023-10-26 00:00:00-04:00,40.31102752685547,541001000,43.42239031199652,43.81786405726696
2023-10-27 00:00:00-04:00,40.48495864868164,416784000,43.14263491549034,43.68716188438126
2023-10-30 00:00:00-04:00,41.145713806152344,388028000,42.952451952696244,43.58749725386248
2023-10-31 00:00:00-04:00,40.764854431152344,517969000,42.744109331596825,43.47680537846208
2023-11-01 00:00:00-04:00,42.309288024902344,437593000,42.702697778578305,43.431020384204835
2023-11-02 00:00:00-04:00,43.489845275878906,409172000,42.777664206892645,43.43332724270186
2023-11-03 00:00:00-04:00,44.98828887939453,424610000,42.98819988998806,43.494306130415296
2023-11-06 00:00:00-05:00,45.7340087890625,400733000,43.24970549942372,43.58213760722499
2023-11-07 00:00:00-05:00,45.93793869018555,343165000,43.5057277080677,43.67452196341953
2023-11-08 00:00:00-05:00,46.556705474853516,346719000,43.79629701919016,43.78754876778949
2023-11-09 00:00:00-05:00,46.93256759643555,540496000,44.094989455118295,43.9108828395011
2023-11-10 00:00:00-05:00,48.31705093383789,421245000,44.49709054832969,44.08367374516136
2023-11-13 00:00:00-05:00,48.60194396972656,384136000,44.8880289694151,44.26086081279137
2023-11-14 00:00:00-05:00,49.63755798339844,416954000,45.34036506598495,44.471711682226946
2023-11-15 00:00:00-05:00,48.86984634399414,475497000,45.67650614008106,44.64418755131586
2023-11-16 00:00:00-05:00,49.46162796020508,339756000,46.03699393247383,44.833106783037
2023-11-17 00:00:00-05:00,49.27969741821289,325205000,46.34582283587755,45.00748288637723
2023-11-20 00:00:00-05:00,50.39027786254883,414120000,46.73100902889386,45.21857288544279
2023-11-21 00:00:00-05:00,49.925453186035156,565747000,47.03524180576446,45.40315642664249
2023-11-22 00:00:00-05:00,48.697906494140625,899420000,47.193590823705044,45.532362311642416
2023-11-24 00:00:00-05:00,47.758262634277344,294645000,47.247369091378594,45.6196525203732
2023-11-27 00:00:00-05:00,48.224090576171875,395662000,47.34039018516843,45.7217873460908
2023-11-28 00:00:00-05:00,47.80324172973633,401491000,47.384471284651084,45.803413008194546
2023-11-29 00:00:00-05:00,48.12212371826172,382005000,47.45472389737591,45.89434283996189
2023-11-30 00:00:00-05:00,46.75263214111328,526247000,47.387858015827085,45.92800124392861
2023-12-01 00:00:00-05:00,46.74763107299805,369317000,47.32688402127194,45.96014359016663
2023-12-04 00:00:00-05:00,45.49309539794922,437543000,47.15223748571739,45.941827974785554
2023-12-05 00:00:00-05:00,46.55280303955078,371718000,47.09514849084438,45.96578778124694
2023-12-06 00:00:00-05:00,45.49009704589844,380590000,46.94228644846858,45.94713324260582
2023-12-07 00:00:00-05:00,46.58279037475586,350823000,46.90804872716261,45.972060973278374
2023-12-08 00:00:00-05:00,47.49253463745117,359224000,46.963714051951996,46.03168739148123
2023-12-11 00:00:00-05:00,46.61378479003906,509728000,46.930387455579336,46.05451474044428
2023-12-12 00:00:00-05:00,47.64349365234375,372387000,46.99830233146166,46.11682763895015
2023-12-13 00:00:00-05:00,48.074371337890625,447792000,47.1007850939787,46.193594058516446
2023-12-14 00:00:00-05:00,48.3362922668457,391232000,47.21845244377556,46.27762143923524
2023-12-15 00:00:00-05:00,48.87614440917969,479948000,47.37632786905215,46.37952430080169
2023-12-18 00:00:00-05:00,50.062801361083984,412587000,47.63218248734089,46.523966538459824
2023-12-19 00:00:00-05:00,49.58993911743164,464444000,47.81863549973048,46.644200757243034
2023-12-20 00:00:00-05:00,48.09735870361328,397894000,47.84518056676694,46.7011873433752
